series_id,name,category,unit,frequency,first_date,last_date,observations,source,source_reference,notes
mma.debt.total,"Public and publicly guaranteed debt, total",Public debt,MVR million,quarterly,2015-03-31,2026-06-30,46,Maldives Monetary Authority (MMA) Statistics Database,MMA series 4514,
mma.debt.domestic,"Public debt, domestic, total",Public debt,MVR million,quarterly,2015-03-31,2026-06-30,46,Maldives Monetary Authority (MMA) Statistics Database,MMA series 4515,
mma.debt.domestic_central_government,"Public debt, domestic, central government",Public debt,MVR million,quarterly,2015-03-31,2026-06-30,46,Maldives Monetary Authority (MMA) Statistics Database,MMA series 4516,
mma.debt.domestic_guaranteed,"Public debt, domestic, government-guaranteed",Public debt,MVR million,quarterly,2015-03-31,2026-06-30,46,Maldives Monetary Authority (MMA) Statistics Database,MMA series 4517,
mma.debt.external,"Public debt, external, total",Public debt,MVR million,quarterly,2015-03-31,2026-06-30,46,Maldives Monetary Authority (MMA) Statistics Database,MMA series 4518,
mma.debt.external_central_government,"Public debt, external, central government",Public debt,MVR million,quarterly,2015-03-31,2026-06-30,46,Maldives Monetary Authority (MMA) Statistics Database,MMA series 4519,
mma.debt.external_guaranteed,"Public debt, external, government-guaranteed",Public debt,MVR million,quarterly,2015-03-31,2026-06-30,46,Maldives Monetary Authority (MMA) Statistics Database,MMA series 4520,
mma.debt.total_pct_gdp,"Public debt, total, as a share of GDP",Public debt,% of GDP,quarterly,2015-03-31,2026-06-30,46,Maldives Monetary Authority (MMA) Statistics Database,MMA series 4522,"Uses MMA's GDP figures, projected for the latest year."
mma.debt.domestic_pct_gdp,"Public debt, domestic, as a share of GDP",Public debt,% of GDP,quarterly,2015-03-31,2026-06-30,46,Maldives Monetary Authority (MMA) Statistics Database,MMA series 4523,
mma.debt.external_pct_gdp,"Public debt, external, as a share of GDP",Public debt,% of GDP,quarterly,2015-03-31,2026-06-30,46,Maldives Monetary Authority (MMA) Statistics Database,MMA series 4526,
mma.debt.external_interest_paid,Interest paid on central government external debt,Public debt,US$ million,quarterly,2021-03-31,2026-06-30,22,Maldives Monetary Authority (MMA) Statistics Database,MMA series 5226,
mma.gov.revenue_and_grants,Government revenue and grants,Government finance (monthly),MVR million,monthly,2017-01-31,2026-07-31,115,Maldives Monetary Authority (MMA) Statistics Database,MMA series 1999,
mma.gov.tax_revenue,Government tax revenue,Government finance (monthly),MVR million,monthly,2017-01-31,2026-07-31,115,Maldives Monetary Authority (MMA) Statistics Database,MMA series 2000,
mma.gov.spending_total,"Government spending, recurrent and capital",Government finance (monthly),MVR million,monthly,2017-01-31,2026-07-31,115,Maldives Monetary Authority (MMA) Statistics Database,MMA series 2034,
mma.gov.spending_recurrent,"Government spending, recurrent",Government finance (monthly),MVR million,monthly,2017-01-31,2026-07-31,115,Maldives Monetary Authority (MMA) Statistics Database,MMA series 2035,
mma.gov.spending_capital,"Government spending, capital",Government finance (monthly),MVR million,monthly,2017-01-31,2026-07-31,115,Maldives Monetary Authority (MMA) Statistics Database,MMA series 2057,
mma.gov.salaries_wages_pensions,"Salaries, wages and pensions",Government finance (monthly),MVR million,monthly,2017-01-31,2026-07-31,115,Maldives Monetary Authority (MMA) Statistics Database,MMA series 2036,
mma.gov.interest_costs,Interest and other financing costs,Government finance (monthly),MVR million,monthly,2017-01-31,2026-07-31,115,Maldives Monetary Authority (MMA) Statistics Database,MMA series 2049,
mma.gov.grants_subsidies,"Grants, contributions and subsidies",Government finance (monthly),MVR million,monthly,2017-01-31,2026-07-31,115,Maldives Monetary Authority (MMA) Statistics Database,MMA series 2050,
mma.economy.gdp_nominal,"Gross domestic product at market prices, nominal",Economy,MVR million,annual,2003-12-31,2026-12-31,24,Maldives Monetary Authority (MMA) Statistics Database,MMA series 38,The latest year is an MMA projection.
mma.economy.population,"Population, including foreign residents",Economy,people,annual,2003-12-31,2026-12-31,24,Maldives Monetary Authority (MMA) Statistics Database,MMA series 79,Includes foreign residents. The latest year is a projection.
mma.prices.cpi_national,"Consumer price index, national",Prices and exchange rate,index,monthly,1985-01-31,2026-08-31,500,Maldives Monetary Authority (MMA) Statistics Database,MMA series 280,
mma.prices.usd_rate,"Exchange rate, rufiyaa per US dollar (MMA reference rate)",Prices and exchange rate,MVR per US$,monthly,1986-01-31,2026-08-31,488,Maldives Monetary Authority (MMA) Statistics Database,MMA series 4039,End of month.
mma.trade.imports_goods,"Imports of goods, total",Trade and fuel,US$ million,monthly,2004-01-31,2026-08-31,272,Maldives Monetary Authority (MMA) Statistics Database,MMA series 3486,
mma.trade.fuel_imports,Imports of petroleum products,Trade and fuel,US$ million,monthly,2004-01-31,2026-08-31,272,Maldives Monetary Authority (MMA) Statistics Database,MMA series 3503,From April 2015 covers only fuel sold within Maldives.
mma.trade.fuel_petrol,Imports of petrol,Trade and fuel,US$ million,monthly,2004-01-31,2026-08-31,272,Maldives Monetary Authority (MMA) Statistics Database,MMA series 3504,
mma.trade.fuel_diesel,Imports of diesel (marine gas oil),Trade and fuel,US$ million,monthly,2004-01-31,2026-08-31,272,Maldives Monetary Authority (MMA) Statistics Database,MMA series 3505,
mma.trade.fuel_other,Imports of other petroleum products,Trade and fuel,US$ million,monthly,2004-01-31,2026-08-31,272,Maldives Monetary Authority (MMA) Statistics Database,MMA series 3507,
mma.trade.crude_oil_price,"Crude oil price, average of Brent, Dubai and WTI (World Bank)",Trade and fuel,US$ per barrel,monthly,1980-01-31,2026-08-31,560,Maldives Monetary Authority (MMA) Statistics Database,MMA series 3787,
mira.collected.total,"All MIRA revenue, collected, all currencies",Revenue collected by MIRA (monthly),MVR million,monthly,2010-01-31,2026-08-31,200,Maldives Inland Revenue Authority (MIRA),"MIRA revenue series, line 'TOTAL'",Group on the site: Total.
mira.collected.airport_service_charge,"Airport service charge, collected, all currencies",Revenue collected by MIRA (monthly),MVR million,monthly,2010-01-31,2026-08-31,200,Maldives Inland Revenue Authority (MIRA),"MIRA revenue series, line 'Airport Service Charge'",Group on the site: Airport taxes and fees.
mira.collected.airport_development_fee,"Airport development fee, collected, all currencies",Revenue collected by MIRA (monthly),MVR million,monthly,2017-01-31,2026-08-31,116,Maldives Inland Revenue Authority (MIRA),"MIRA revenue series, line 'Airport Development Fee'",Group on the site: Airport taxes and fees.
mira.collected.bank_profit_tax,"Bank profit tax, collected, all currencies",Revenue collected by MIRA (monthly),MVR million,monthly,2010-01-31,2026-08-31,200,Maldives Inland Revenue Authority (MIRA),"MIRA revenue series, line 'Bank Profit Tax'",Group on the site: Business profit taxes.
mira.collected.business_permits,"Business permits, collected, all currencies",Revenue collected by MIRA (monthly),MVR million,monthly,2010-01-31,2026-08-31,200,Maldives Inland Revenue Authority (MIRA),"MIRA revenue series, line 'Business Permits'",Group on the site: Other taxes and fees.
mira.collected.business_profit_tax,"Business profit tax, collected, all currencies",Revenue collected by MIRA (monthly),MVR million,monthly,2010-01-31,2026-08-31,200,Maldives Inland Revenue Authority (MIRA),"MIRA revenue series, line 'Business Profit Tax'",Group on the site: Business profit taxes.
mira.collected.withholding_tax,"Withholding tax, collected, all currencies",Revenue collected by MIRA (monthly),MVR million,monthly,2010-01-31,2026-08-31,200,Maldives Inland Revenue Authority (MIRA),"MIRA revenue series, line 'Withholding Tax'",Group on the site: Business profit taxes.
mira.collected.non_resident_withholding_tax,"Non-resident withholding tax, collected, all currencies",Revenue collected by MIRA (monthly),MVR million,monthly,2019-01-31,2026-08-31,92,Maldives Inland Revenue Authority (MIRA),"MIRA revenue series, line 'Non-resident withholding Tax'",Group on the site: Business profit taxes.
mira.collected.corporate_income_tax,"Corporate income tax, collected, all currencies",Revenue collected by MIRA (monthly),MVR million,monthly,2019-01-31,2026-08-31,92,Maldives Inland Revenue Authority (MIRA),"MIRA revenue series, line 'Corporate Income Tax'",Group on the site: Business profit taxes.
mira.collected.construction_period_extension_fee,"Construction period extension fee, collected, all currencies",Revenue collected by MIRA (monthly),MVR million,monthly,2017-01-31,2026-08-31,116,Maldives Inland Revenue Authority (MIRA),"MIRA revenue series, line 'Construction Period Extension Fee'",Group on the site: Resort land and leases.
mira.collected.corporate_social_responsibility_fee,"Corporate social responsibility fee, collected, all currencies",Revenue collected by MIRA (monthly),MVR million,monthly,2017-01-31,2026-08-31,116,Maldives Inland Revenue Authority (MIRA),"MIRA revenue series, line 'Corporate Social Responsibility Fee'",Group on the site: Other taxes and fees.
mira.collected.departure_tax,"Departure tax, collected, all currencies",Revenue collected by MIRA (monthly),MVR million,monthly,2021-01-31,2026-08-31,68,Maldives Inland Revenue Authority (MIRA),"MIRA revenue series, line 'Departure Tax'",Group on the site: Airport taxes and fees.
mira.collected.expatriate_quota_fee,"Expatriate quota fee, collected, all currencies",Revenue collected by MIRA (monthly),MVR million,monthly,2022-01-31,2026-08-31,56,Maldives Inland Revenue Authority (MIRA),"MIRA revenue series, line 'Expatriate Quota fee'",Group on the site: Other taxes and fees.
mira.collected.fines_and_penalties,"Fines and penalties, collected, all currencies",Revenue collected by MIRA (monthly),MVR million,monthly,2010-01-31,2026-08-31,200,Maldives Inland Revenue Authority (MIRA),"MIRA revenue series, line 'Fines'",Group on the site: Other taxes and fees.
mira.collected.gst_outside_tourism,"GST outside tourism, collected, all currencies",Revenue collected by MIRA (monthly),MVR million,monthly,2010-01-31,2026-08-31,200,Maldives Inland Revenue Authority (MIRA),"MIRA revenue series, line 'GST (Non-tourism Sector)'",Group on the site: GST outside tourism.
mira.collected.tourism_gst,"Tourism GST, collected, all currencies",Revenue collected by MIRA (monthly),MVR million,monthly,2010-01-31,2026-08-31,200,Maldives Inland Revenue Authority (MIRA),"MIRA revenue series, line 'GST (Tourism Sector)'",Group on the site: Tourism GST.
mira.collected.tourism_tax,"Tourism tax, collected, all currencies",Revenue collected by MIRA (monthly),MVR million,monthly,2010-01-31,2026-08-31,200,Maldives Inland Revenue Authority (MIRA),"MIRA revenue series, line 'Tourism Tax'",Group on the site: Tourism tax (ended 2014).
mira.collected.green_tax,"Green tax, collected, all currencies",Revenue collected by MIRA (monthly),MVR million,monthly,2010-01-31,2026-08-31,141,Maldives Inland Revenue Authority (MIRA),"MIRA revenue series, line 'Green Tax'",Group on the site: Green tax.
mira.collected.land_acquisition_and_conversion_fee,"Land acquisition and conversion fee, collected, all currencies",Revenue collected by MIRA (monthly),MVR million,monthly,2010-01-31,2026-08-31,200,Maldives Inland Revenue Authority (MIRA),"MIRA revenue series, line 'Land Acquisition and Conversion Fee'",Group on the site: Resort land and leases.
mira.collected.land_sales_tax,"Land sales tax, collected, all currencies",Revenue collected by MIRA (monthly),MVR million,monthly,2010-01-31,2026-08-31,200,Maldives Inland Revenue Authority (MIRA),"MIRA revenue series, line 'Land Sales Tax'",Group on the site: Other taxes and fees.
mira.collected.remittance_tax,"Remittance tax, collected, all currencies",Revenue collected by MIRA (monthly),MVR million,monthly,2016-01-31,2026-08-31,119,Maldives Inland Revenue Authority (MIRA),"MIRA revenue series, line 'Remittance Tax'",Group on the site: Other taxes and fees.
mira.collected.lease_period_extension_fee,"Lease period extension fee, collected, all currencies",Revenue collected by MIRA (monthly),MVR million,monthly,2010-01-31,2026-08-31,200,Maldives Inland Revenue Authority (MIRA),"MIRA revenue series, line 'Lease Period Extension Fee'",Group on the site: Resort land and leases.
mira.collected.non_tourism_property_income,"Non-tourism property income, collected, all currencies",Revenue collected by MIRA (monthly),MVR million,monthly,2010-01-31,2026-08-31,200,Maldives Inland Revenue Authority (MIRA),"MIRA revenue series, line 'Non-tourism Property Income'",Group on the site: Other taxes and fees.
mira.collected.personal_income_tax,"Personal income tax, collected, all currencies",Revenue collected by MIRA (monthly),MVR million,monthly,2019-01-31,2026-08-31,92,Maldives Inland Revenue Authority (MIRA),"MIRA revenue series, line 'Personal Income Tax'",Group on the site: Personal income taxes.
mira.collected.employee_withholding_tax,"Employee withholding tax, collected, all currencies",Revenue collected by MIRA (monthly),MVR million,monthly,2019-01-31,2026-08-31,92,Maldives Inland Revenue Authority (MIRA),"MIRA revenue series, line 'Employee Withholding Tax'",Group on the site: Personal income taxes.
mira.collected.proceeds_from_sale_of_assets,"Proceeds from sale of assets, collected, all currencies",Revenue collected by MIRA (monthly),MVR million,monthly,2010-01-31,2026-08-31,200,Maldives Inland Revenue Authority (MIRA),"MIRA revenue series, line 'Proceeds from Sale of Assets'",Group on the site: Other taxes and fees.
mira.collected.residential_permit,"Residential permit, collected, all currencies",Revenue collected by MIRA (monthly),MVR million,monthly,2010-01-31,2026-08-31,200,Maldives Inland Revenue Authority (MIRA),"MIRA revenue series, line 'Residential Permit'",Group on the site: Other taxes and fees.
mira.collected.revenue_stamp,"Revenue stamp, collected, all currencies",Revenue collected by MIRA (monthly),MVR million,monthly,2010-01-31,2026-08-31,200,Maldives Inland Revenue Authority (MIRA),"MIRA revenue series, line 'Revenue Stamp'",Group on the site: Other taxes and fees.
mira.collected.plastic_bag_fee,"Plastic bag fee, collected, all currencies",Revenue collected by MIRA (monthly),MVR million,monthly,2022-01-31,2026-08-31,56,Maldives Inland Revenue Authority (MIRA),"MIRA revenue series, line 'Plastic Bag Fee'",Group on the site: Other taxes and fees.
mira.collected.royalties,"Royalties, collected, all currencies",Revenue collected by MIRA (monthly),MVR million,monthly,2010-01-31,2026-08-31,200,Maldives Inland Revenue Authority (MIRA),"MIRA revenue series, line 'Royalties'",Group on the site: Other taxes and fees.
mira.collected.tourism_administration_fee,"Tourism administration fee, collected, all currencies",Revenue collected by MIRA (monthly),MVR million,monthly,2017-01-31,2026-08-31,116,Maldives Inland Revenue Authority (MIRA),"MIRA revenue series, line 'Tourism Administration Fee'",Group on the site: Other taxes and fees.
mira.collected.tourism_land_rent,"Tourism land rent, collected, all currencies",Revenue collected by MIRA (monthly),MVR million,monthly,2010-01-31,2026-08-31,200,Maldives Inland Revenue Authority (MIRA),"MIRA revenue series, line 'Tourism Land Rent'",Group on the site: Resort land and leases.
mira.collected.vehicle_fee,"Vehicle fee, collected, all currencies",Revenue collected by MIRA (monthly),MVR million,monthly,2010-01-31,2026-08-31,200,Maldives Inland Revenue Authority (MIRA),"MIRA revenue series, line 'Vehicle Fee'",Group on the site: Other taxes and fees.
mira.collected.vessel_fee,"Vessel fee, collected, all currencies",Revenue collected by MIRA (monthly),MVR million,monthly,2010-01-31,2026-08-31,200,Maldives Inland Revenue Authority (MIRA),"MIRA revenue series, line 'Vessel Fee'",Group on the site: Other taxes and fees.
mira.collected.work_permit_fee,"Work permit fee, collected, all currencies",Revenue collected by MIRA (monthly),MVR million,monthly,2019-01-31,2026-08-31,92,Maldives Inland Revenue Authority (MIRA),"MIRA revenue series, line 'Work Permit Fee'",Group on the site: Other taxes and fees.
mira.collected.ownership_transfer_tax,"Ownership transfer tax, collected, all currencies",Revenue collected by MIRA (monthly),MVR million,monthly,2017-01-31,2026-08-31,116,Maldives Inland Revenue Authority (MIRA),"MIRA revenue series, line 'Ownership Transfer Tax'",Group on the site: Other taxes and fees.
mira.collected.other_revenue,"Other revenue, collected, all currencies",Revenue collected by MIRA (monthly),MVR million,monthly,2010-01-31,2026-08-31,200,Maldives Inland Revenue Authority (MIRA),"MIRA revenue series, line 'Others'",Group on the site: Other taxes and fees.
mira.paid_in_usd.total,"All MIRA revenue, paid in US dollars",Revenue collected by MIRA (monthly),US$ million,monthly,2011-01-31,2026-08-31,188,Maldives Inland Revenue Authority (MIRA),"MIRA revenue series, line 'TOTAL'",Group on the site: Total.
mira.paid_in_usd.airport_service_charge,"Airport service charge, paid in US dollars",Revenue collected by MIRA (monthly),US$ million,monthly,2011-01-31,2026-08-31,188,Maldives Inland Revenue Authority (MIRA),"MIRA revenue series, line 'Airport Service Charge'",Group on the site: Airport taxes and fees.
mira.paid_in_usd.airport_development_fee,"Airport development fee, paid in US dollars",Revenue collected by MIRA (monthly),US$ million,monthly,2017-01-31,2026-08-31,116,Maldives Inland Revenue Authority (MIRA),"MIRA revenue series, line 'Airport Development Fee'",Group on the site: Airport taxes and fees.
mira.paid_in_usd.bank_profit_tax,"Bank profit tax, paid in US dollars",Revenue collected by MIRA (monthly),US$ million,monthly,2022-02-28,2026-08-31,30,Maldives Inland Revenue Authority (MIRA),"MIRA revenue series, line 'Bank Profit Tax'",Group on the site: Business profit taxes.
mira.paid_in_usd.business_profit_tax,"Business profit tax, paid in US dollars",Revenue collected by MIRA (monthly),US$ million,monthly,2011-01-31,2026-08-31,188,Maldives Inland Revenue Authority (MIRA),"MIRA revenue series, line 'Business Profit Tax'",Group on the site: Business profit taxes.
mira.paid_in_usd.corporate_income_tax,"Corporate income tax, paid in US dollars",Revenue collected by MIRA (monthly),US$ million,monthly,2020-01-31,2026-08-31,80,Maldives Inland Revenue Authority (MIRA),"MIRA revenue series, line 'Corporate Income Tax'",Group on the site: Business profit taxes.
mira.paid_in_usd.business_permits,"Business permits, paid in US dollars",Revenue collected by MIRA (monthly),US$ million,monthly,2017-01-31,2026-08-31,116,Maldives Inland Revenue Authority (MIRA),"MIRA revenue series, line 'Business Permits'",Group on the site: Other taxes and fees.
mira.paid_in_usd.commercial_land_rent,"Commercial land rent, paid in US dollars",Revenue collected by MIRA (monthly),US$ million,monthly,2011-01-31,2026-08-31,184,Maldives Inland Revenue Authority (MIRA),"MIRA revenue series, line 'Commercial Land Rent'",Group on the site: Other taxes and fees.
mira.paid_in_usd.construction_period_extension_fee,"Construction period extension fee, paid in US dollars",Revenue collected by MIRA (monthly),US$ million,monthly,2017-01-31,2026-08-31,116,Maldives Inland Revenue Authority (MIRA),"MIRA revenue series, line 'Construction Period Extension Fee'",Group on the site: Resort land and leases.
mira.paid_in_usd.corporate_social_responsibility_fee,"Corporate social responsibility fee, paid in US dollars",Revenue collected by MIRA (monthly),US$ million,monthly,2017-01-31,2026-08-31,115,Maldives Inland Revenue Authority (MIRA),"MIRA revenue series, line 'Corporate Social Responsibility Fee'",Group on the site: Other taxes and fees.
mira.paid_in_usd.departure_tax,"Departure tax, paid in US dollars",Revenue collected by MIRA (monthly),US$ million,monthly,2021-01-31,2026-08-31,62,Maldives Inland Revenue Authority (MIRA),"MIRA revenue series, line 'Departure Tax'",Group on the site: Airport taxes and fees.
mira.paid_in_usd.duty_free_royalty,"Duty free royalty, paid in US dollars",Revenue collected by MIRA (monthly),US$ million,monthly,2011-01-31,2026-08-31,186,Maldives Inland Revenue Authority (MIRA),"MIRA revenue series, line 'Duty Free Royalty'",Group on the site: Other taxes and fees.
mira.paid_in_usd.fines_and_penalties,"Fines and penalties, paid in US dollars",Revenue collected by MIRA (monthly),US$ million,monthly,2011-01-31,2026-08-31,188,Maldives Inland Revenue Authority (MIRA),"MIRA revenue series, line 'Fines'",Group on the site: Other taxes and fees.
mira.paid_in_usd.fishing_royalty,"Fishing royalty, paid in US dollars",Revenue collected by MIRA (monthly),US$ million,monthly,2011-01-31,2026-08-31,186,Maldives Inland Revenue Authority (MIRA),"MIRA revenue series, line 'Fishing Royalty'",Group on the site: Other taxes and fees.
mira.paid_in_usd.foreign_investment_administration_annual_fee,"Foreign investment administration annual fee, paid in US dollars",Revenue collected by MIRA (monthly),US$ million,monthly,2011-01-31,2026-08-31,188,Maldives Inland Revenue Authority (MIRA),"MIRA revenue series, line 'Foreign Investment Administration Annual Fee'",Group on the site: Other taxes and fees.
mira.paid_in_usd.foreign_investment_royalty,"Foreign investment royalty, paid in US dollars",Revenue collected by MIRA (monthly),US$ million,monthly,2011-01-31,2026-08-31,185,Maldives Inland Revenue Authority (MIRA),"MIRA revenue series, line 'Foreign Investment Royalty'",Group on the site: Other taxes and fees.
mira.paid_in_usd.fuel_re_export_royalty,"Fuel re-export royalty, paid in US dollars",Revenue collected by MIRA (monthly),US$ million,monthly,2011-01-31,2026-08-31,188,Maldives Inland Revenue Authority (MIRA),"MIRA revenue series, line 'Fuel re-export Royalty'",Group on the site: Other taxes and fees.
mira.paid_in_usd.tourism_gst,"Tourism GST, paid in US dollars",Revenue collected by MIRA (monthly),US$ million,monthly,2011-01-31,2026-08-31,188,Maldives Inland Revenue Authority (MIRA),"MIRA revenue series, line 'Goods and Services Tax (Tourism Sector)'",Group on the site: Tourism GST.
mira.paid_in_usd.green_tax,"Green tax, paid in US dollars",Revenue collected by MIRA (monthly),US$ million,monthly,2011-01-31,2026-08-31,188,Maldives Inland Revenue Authority (MIRA),"MIRA revenue series, line 'Green Tax'",Group on the site: Green tax.
mira.paid_in_usd.land_acquisition_and_conversion_fee,"Land acquisition and conversion fee, paid in US dollars",Revenue collected by MIRA (monthly),US$ million,monthly,2011-01-31,2026-08-31,188,Maldives Inland Revenue Authority (MIRA),"MIRA revenue series, line 'Land Acquisition and Conversion Fee'",Group on the site: Resort land and leases.
mira.paid_in_usd.lease_period_extension_fee,"Lease period extension fee, paid in US dollars",Revenue collected by MIRA (monthly),US$ million,monthly,2011-01-31,2026-08-31,187,Maldives Inland Revenue Authority (MIRA),"MIRA revenue series, line 'Lease Period Extension Fee'",Group on the site: Resort land and leases.
mira.paid_in_usd.non_fisheries_vessel_fee,"Non-fisheries vessel fee, paid in US dollars",Revenue collected by MIRA (monthly),US$ million,monthly,2011-01-31,2026-08-31,186,Maldives Inland Revenue Authority (MIRA),"MIRA revenue series, line 'Non-Fisheries Vessel Fee'",Group on the site: Other taxes and fees.
mira.paid_in_usd.other_fees_and_charges,"Other fees and charges, paid in US dollars",Revenue collected by MIRA (monthly),US$ million,monthly,2011-01-31,2026-08-31,186,Maldives Inland Revenue Authority (MIRA),"MIRA revenue series, line 'Other Fees and Charges'",Group on the site: Other taxes and fees.
mira.paid_in_usd.other_rent_and_property_income,"Other rent and property income, paid in US dollars",Revenue collected by MIRA (monthly),US$ million,monthly,2022-02-28,2026-08-31,45,Maldives Inland Revenue Authority (MIRA),"MIRA revenue series, line 'Other Rent and Property Income'",Group on the site: Other taxes and fees.
mira.paid_in_usd.employee_withholding_tax,"Employee withholding tax, paid in US dollars",Revenue collected by MIRA (monthly),US$ million,monthly,2022-02-28,2026-08-31,30,Maldives Inland Revenue Authority (MIRA),"MIRA revenue series, line 'Employee Withholding Tax'",Group on the site: Personal income taxes.
mira.paid_in_usd.personal_income_tax,"Personal income tax, paid in US dollars",Revenue collected by MIRA (monthly),US$ million,monthly,2020-01-31,2026-08-31,80,Maldives Inland Revenue Authority (MIRA),"MIRA revenue series, line 'Personal Income Tax'",Group on the site: Personal income taxes.
mira.paid_in_usd.re_export_royalty,"Re-export royalty, paid in US dollars",Revenue collected by MIRA (monthly),US$ million,monthly,2011-01-31,2026-08-31,188,Maldives Inland Revenue Authority (MIRA),"MIRA revenue series, line 'Re-Export Royalty'",Group on the site: Other taxes and fees.
mira.paid_in_usd.rent_from_islands_for_long_term_agriculture,"Rent from islands for long term agriculture, paid in US dollars",Revenue collected by MIRA (monthly),US$ million,monthly,2011-01-31,2026-08-31,182,Maldives Inland Revenue Authority (MIRA),"MIRA revenue series, line 'Rent from Islands for Long Term Agriculture'",Group on the site: Other taxes and fees.
mira.paid_in_usd.remittance_tax,"Remittance tax, paid in US dollars",Revenue collected by MIRA (monthly),US$ million,monthly,2017-01-31,2026-08-31,115,Maldives Inland Revenue Authority (MIRA),"MIRA revenue series, line 'Remittance Tax'",Group on the site: Other taxes and fees.
mira.paid_in_usd.sale_of_government_land,"Sale of government land, paid in US dollars",Revenue collected by MIRA (monthly),US$ million,monthly,2011-01-31,2026-08-31,176,Maldives Inland Revenue Authority (MIRA),"MIRA revenue series, line 'Sale of Government Land'",Group on the site: Other taxes and fees.
mira.paid_in_usd.skipjack_industry_royalty,"Skipjack industry royalty, paid in US dollars",Revenue collected by MIRA (monthly),US$ million,monthly,2011-01-31,2026-08-31,178,Maldives Inland Revenue Authority (MIRA),"MIRA revenue series, line 'Skipjack Industry Royalty'",Group on the site: Other taxes and fees.
mira.paid_in_usd.tourism_administration_fee,"Tourism administration fee, paid in US dollars",Revenue collected by MIRA (monthly),US$ million,monthly,2017-01-31,2026-08-31,116,Maldives Inland Revenue Authority (MIRA),"MIRA revenue series, line 'Tourism Administration Fee'",Group on the site: Other taxes and fees.
mira.paid_in_usd.tourism_land_rent,"Tourism land rent, paid in US dollars",Revenue collected by MIRA (monthly),US$ million,monthly,2011-01-31,2026-08-31,188,Maldives Inland Revenue Authority (MIRA),"MIRA revenue series, line 'Tourism Land Rent'",Group on the site: Resort land and leases.
mira.paid_in_usd.tourism_tax,"Tourism tax, paid in US dollars",Revenue collected by MIRA (monthly),US$ million,monthly,2011-01-31,2026-08-31,188,Maldives Inland Revenue Authority (MIRA),"MIRA revenue series, line 'Tourism Tax'",Group on the site: Tourism tax (ended 2014).
mira.paid_in_usd.withholding_tax,"Withholding tax, paid in US dollars",Revenue collected by MIRA (monthly),US$ million,monthly,2011-01-31,2026-08-31,188,Maldives Inland Revenue Authority (MIRA),"MIRA revenue series, line 'Withholding Tax'",Group on the site: Business profit taxes.
mira.paid_in_usd.non_resident_withholding_tax,"Non-resident withholding tax, paid in US dollars",Revenue collected by MIRA (monthly),US$ million,monthly,2022-02-28,2026-08-31,30,Maldives Inland Revenue Authority (MIRA),"MIRA revenue series, line 'Non-resident Withholding Tax'",Group on the site: Business profit taxes.
mira.paid_in_usd.yellowfin_tuna_export_royalty,"Yellowfin tuna export royalty, paid in US dollars",Revenue collected by MIRA (monthly),US$ million,monthly,2011-01-31,2026-08-31,188,Maldives Inland Revenue Authority (MIRA),"MIRA revenue series, line 'Yellowfin Tuna Export Royalty'",Group on the site: Other taxes and fees.
mof.weekly.revenue_and_grants.ytd,"Revenue and grants, year to date",Weekly budget (Ministry of Finance),MVR million,weekly,2018-12-09,2026-09-24,401,"Ministry of Finance, Weekly Fiscal Developments","Weekly Fiscal Developments, table 1 or 2 or 3, 'Revenue and grants'",Running total from 1 January to the report date.
mof.weekly.revenue_and_grants.budget,"Revenue and grants, full-year approved budget",Weekly budget (Ministry of Finance),MVR million,weekly,2018-12-09,2026-09-24,401,"Ministry of Finance, Weekly Fiscal Developments","Weekly Fiscal Developments, table 1 or 2 or 3, 'Revenue and grants'",As printed in each report.
mof.weekly.revenue_and_grants.same_date_last_year,"Revenue and grants, same date a year earlier",Weekly budget (Ministry of Finance),MVR million,weekly,2020-01-09,2026-09-24,344,"Ministry of Finance, Weekly Fiscal Developments","Weekly Fiscal Developments, table 1 or 2 or 3, 'Revenue and grants'","As printed in each report, for the same date a year earlier."
mof.weekly.tax_revenue.ytd,"Tax revenue, year to date",Weekly budget (Ministry of Finance),MVR million,weekly,2018-12-09,2026-09-24,401,"Ministry of Finance, Weekly Fiscal Developments","Weekly Fiscal Developments, table 1 or 2 or 3, 'Tax revenue'",Running total from 1 January to the report date.
mof.weekly.tax_revenue.budget,"Tax revenue, full-year approved budget",Weekly budget (Ministry of Finance),MVR million,weekly,2018-12-09,2026-09-24,401,"Ministry of Finance, Weekly Fiscal Developments","Weekly Fiscal Developments, table 1 or 2 or 3, 'Tax revenue'",As printed in each report.
mof.weekly.tax_revenue.same_date_last_year,"Tax revenue, same date a year earlier",Weekly budget (Ministry of Finance),MVR million,weekly,2020-01-09,2026-09-24,344,"Ministry of Finance, Weekly Fiscal Developments","Weekly Fiscal Developments, table 1 or 2 or 3, 'Tax revenue'","As printed in each report, for the same date a year earlier."
mof.weekly.non_tax_revenue.ytd,"Non-tax revenue, year to date",Weekly budget (Ministry of Finance),MVR million,weekly,2018-12-09,2026-09-24,401,"Ministry of Finance, Weekly Fiscal Developments","Weekly Fiscal Developments, table 1 or 2 or 3, 'Non-tax revenue'",Running total from 1 January to the report date.
mof.weekly.non_tax_revenue.budget,"Non-tax revenue, full-year approved budget",Weekly budget (Ministry of Finance),MVR million,weekly,2018-12-09,2026-09-24,401,"Ministry of Finance, Weekly Fiscal Developments","Weekly Fiscal Developments, table 1 or 2 or 3, 'Non-tax revenue'",As printed in each report.
mof.weekly.non_tax_revenue.same_date_last_year,"Non-tax revenue, same date a year earlier",Weekly budget (Ministry of Finance),MVR million,weekly,2020-01-09,2026-09-24,344,"Ministry of Finance, Weekly Fiscal Developments","Weekly Fiscal Developments, table 1 or 2 or 3, 'Non-tax revenue'","As printed in each report, for the same date a year earlier."
mof.weekly.grants.ytd,"Grants received, year to date",Weekly budget (Ministry of Finance),MVR million,weekly,2018-12-09,2026-09-24,401,"Ministry of Finance, Weekly Fiscal Developments","Weekly Fiscal Developments, table 1 or 2 or 3, 'Grants received'",Running total from 1 January to the report date.
mof.weekly.grants.budget,"Grants received, full-year approved budget",Weekly budget (Ministry of Finance),MVR million,weekly,2018-12-09,2026-09-24,401,"Ministry of Finance, Weekly Fiscal Developments","Weekly Fiscal Developments, table 1 or 2 or 3, 'Grants received'",As printed in each report.
mof.weekly.grants.same_date_last_year,"Grants received, same date a year earlier",Weekly budget (Ministry of Finance),MVR million,weekly,2020-01-09,2026-09-24,344,"Ministry of Finance, Weekly Fiscal Developments","Weekly Fiscal Developments, table 1 or 2 or 3, 'Grants received'","As printed in each report, for the same date a year earlier."
mof.weekly.tourism_gst.ytd,"Tourism GST, year to date",Weekly budget (Ministry of Finance),MVR million,weekly,2018-12-09,2026-09-24,401,"Ministry of Finance, Weekly Fiscal Developments","Weekly Fiscal Developments, table 1 or 2 or 3, 'Tourism GST'",Running total from 1 January to the report date.
mof.weekly.tourism_gst.budget,"Tourism GST, full-year approved budget",Weekly budget (Ministry of Finance),MVR million,weekly,2018-12-09,2026-09-24,401,"Ministry of Finance, Weekly Fiscal Developments","Weekly Fiscal Developments, table 1 or 2 or 3, 'Tourism GST'",As printed in each report.
mof.weekly.tourism_gst.same_date_last_year,"Tourism GST, same date a year earlier",Weekly budget (Ministry of Finance),MVR million,weekly,2020-01-09,2026-09-24,344,"Ministry of Finance, Weekly Fiscal Developments","Weekly Fiscal Developments, table 1 or 2 or 3, 'Tourism GST'","As printed in each report, for the same date a year earlier."
mof.weekly.general_gst.ytd,"GST outside tourism, year to date",Weekly budget (Ministry of Finance),MVR million,weekly,2018-12-09,2026-09-24,401,"Ministry of Finance, Weekly Fiscal Developments","Weekly Fiscal Developments, table 1 or 2 or 3, 'GST outside tourism'",Running total from 1 January to the report date.
mof.weekly.general_gst.budget,"GST outside tourism, full-year approved budget",Weekly budget (Ministry of Finance),MVR million,weekly,2018-12-09,2026-09-24,401,"Ministry of Finance, Weekly Fiscal Developments","Weekly Fiscal Developments, table 1 or 2 or 3, 'GST outside tourism'",As printed in each report.
mof.weekly.general_gst.same_date_last_year,"GST outside tourism, same date a year earlier",Weekly budget (Ministry of Finance),MVR million,weekly,2020-01-09,2026-09-24,344,"Ministry of Finance, Weekly Fiscal Developments","Weekly Fiscal Developments, table 1 or 2 or 3, 'GST outside tourism'","As printed in each report, for the same date a year earlier."
mof.weekly.import_duties.ytd,"Import duties, year to date",Weekly budget (Ministry of Finance),MVR million,weekly,2018-12-09,2026-09-24,401,"Ministry of Finance, Weekly Fiscal Developments","Weekly Fiscal Developments, table 1 or 2 or 3, 'Import duties'",Running total from 1 January to the report date.
mof.weekly.import_duties.budget,"Import duties, full-year approved budget",Weekly budget (Ministry of Finance),MVR million,weekly,2018-12-09,2026-09-24,401,"Ministry of Finance, Weekly Fiscal Developments","Weekly Fiscal Developments, table 1 or 2 or 3, 'Import duties'",As printed in each report.
mof.weekly.import_duties.same_date_last_year,"Import duties, same date a year earlier",Weekly budget (Ministry of Finance),MVR million,weekly,2020-01-09,2026-09-24,344,"Ministry of Finance, Weekly Fiscal Developments","Weekly Fiscal Developments, table 1 or 2 or 3, 'Import duties'","As printed in each report, for the same date a year earlier."
mof.weekly.green_tax.ytd,"Green tax, year to date",Weekly budget (Ministry of Finance),MVR million,weekly,2018-12-09,2026-09-24,401,"Ministry of Finance, Weekly Fiscal Developments","Weekly Fiscal Developments, table 1 or 2 or 3, 'Green tax'",Running total from 1 January to the report date.
mof.weekly.green_tax.budget,"Green tax, full-year approved budget",Weekly budget (Ministry of Finance),MVR million,weekly,2018-12-09,2026-09-24,401,"Ministry of Finance, Weekly Fiscal Developments","Weekly Fiscal Developments, table 1 or 2 or 3, 'Green tax'",As printed in each report.
mof.weekly.green_tax.same_date_last_year,"Green tax, same date a year earlier",Weekly budget (Ministry of Finance),MVR million,weekly,2020-01-09,2026-09-24,344,"Ministry of Finance, Weekly Fiscal Developments","Weekly Fiscal Developments, table 1 or 2 or 3, 'Green tax'","As printed in each report, for the same date a year earlier."
mof.weekly.rent_from_resorts.ytd,"Rent from resorts, year to date",Weekly budget (Ministry of Finance),MVR million,weekly,2018-12-09,2026-09-24,401,"Ministry of Finance, Weekly Fiscal Developments","Weekly Fiscal Developments, table 1 or 2 or 3, 'Rent from resorts'",Running total from 1 January to the report date.
mof.weekly.rent_from_resorts.budget,"Rent from resorts, full-year approved budget",Weekly budget (Ministry of Finance),MVR million,weekly,2018-12-09,2026-09-24,401,"Ministry of Finance, Weekly Fiscal Developments","Weekly Fiscal Developments, table 1 or 2 or 3, 'Rent from resorts'",As printed in each report.
mof.weekly.rent_from_resorts.same_date_last_year,"Rent from resorts, same date a year earlier",Weekly budget (Ministry of Finance),MVR million,weekly,2020-01-09,2026-09-24,344,"Ministry of Finance, Weekly Fiscal Developments","Weekly Fiscal Developments, table 1 or 2 or 3, 'Rent from resorts'","As printed in each report, for the same date a year earlier."
mof.weekly.soe_dividends.ytd,"Dividends from state companies, year to date",Weekly budget (Ministry of Finance),MVR million,weekly,2018-12-09,2026-09-24,400,"Ministry of Finance, Weekly Fiscal Developments","Weekly Fiscal Developments, table 1 or 2 or 3, 'Dividends from state companies'",Running total from 1 January to the report date.
mof.weekly.soe_dividends.budget,"Dividends from state companies, full-year approved budget",Weekly budget (Ministry of Finance),MVR million,weekly,2018-12-09,2026-09-24,400,"Ministry of Finance, Weekly Fiscal Developments","Weekly Fiscal Developments, table 1 or 2 or 3, 'Dividends from state companies'",As printed in each report.
mof.weekly.soe_dividends.same_date_last_year,"Dividends from state companies, same date a year earlier",Weekly budget (Ministry of Finance),MVR million,weekly,2020-01-09,2026-09-24,344,"Ministry of Finance, Weekly Fiscal Developments","Weekly Fiscal Developments, table 1 or 2 or 3, 'Dividends from state companies'","As printed in each report, for the same date a year earlier."
mof.weekly.total_expenditure.ytd,"Spending, recurrent and capital, year to date",Weekly budget (Ministry of Finance),MVR million,weekly,2018-12-09,2026-09-24,401,"Ministry of Finance, Weekly Fiscal Developments","Weekly Fiscal Developments, table 1 or 2 or 3, 'Spending, recurrent and capital'",Running total from 1 January to the report date.
mof.weekly.total_expenditure.budget,"Spending, recurrent and capital, full-year approved budget",Weekly budget (Ministry of Finance),MVR million,weekly,2018-12-09,2026-09-24,401,"Ministry of Finance, Weekly Fiscal Developments","Weekly Fiscal Developments, table 1 or 2 or 3, 'Spending, recurrent and capital'",As printed in each report.
mof.weekly.total_expenditure.same_date_last_year,"Spending, recurrent and capital, same date a year earlier",Weekly budget (Ministry of Finance),MVR million,weekly,2020-01-09,2026-09-24,344,"Ministry of Finance, Weekly Fiscal Developments","Weekly Fiscal Developments, table 1 or 2 or 3, 'Spending, recurrent and capital'","As printed in each report, for the same date a year earlier."
mof.weekly.recurrent_expenditure.ytd,"Spending, recurrent, year to date",Weekly budget (Ministry of Finance),MVR million,weekly,2018-12-09,2026-09-24,401,"Ministry of Finance, Weekly Fiscal Developments","Weekly Fiscal Developments, table 1 or 2 or 3, 'Spending, recurrent'",Running total from 1 January to the report date.
mof.weekly.recurrent_expenditure.budget,"Spending, recurrent, full-year approved budget",Weekly budget (Ministry of Finance),MVR million,weekly,2018-12-09,2026-09-24,401,"Ministry of Finance, Weekly Fiscal Developments","Weekly Fiscal Developments, table 1 or 2 or 3, 'Spending, recurrent'",As printed in each report.
mof.weekly.recurrent_expenditure.same_date_last_year,"Spending, recurrent, same date a year earlier",Weekly budget (Ministry of Finance),MVR million,weekly,2020-01-09,2026-09-24,344,"Ministry of Finance, Weekly Fiscal Developments","Weekly Fiscal Developments, table 1 or 2 or 3, 'Spending, recurrent'","As printed in each report, for the same date a year earlier."
mof.weekly.capital_expenditure.ytd,"Spending, capital, year to date",Weekly budget (Ministry of Finance),MVR million,weekly,2018-12-09,2026-09-24,401,"Ministry of Finance, Weekly Fiscal Developments","Weekly Fiscal Developments, table 1 or 2 or 3, 'Spending, capital'",Running total from 1 January to the report date.
mof.weekly.capital_expenditure.budget,"Spending, capital, full-year approved budget",Weekly budget (Ministry of Finance),MVR million,weekly,2018-12-09,2026-09-24,401,"Ministry of Finance, Weekly Fiscal Developments","Weekly Fiscal Developments, table 1 or 2 or 3, 'Spending, capital'",As printed in each report.
mof.weekly.capital_expenditure.same_date_last_year,"Spending, capital, same date a year earlier",Weekly budget (Ministry of Finance),MVR million,weekly,2020-01-09,2026-09-24,344,"Ministry of Finance, Weekly Fiscal Developments","Weekly Fiscal Developments, table 1 or 2 or 3, 'Spending, capital'","As printed in each report, for the same date a year earlier."
mof.weekly.salaries_wages_pensions.ytd,"Salaries, wages and pensions, year to date",Weekly budget (Ministry of Finance),MVR million,weekly,2018-12-09,2026-09-24,401,"Ministry of Finance, Weekly Fiscal Developments","Weekly Fiscal Developments, table 1 or 2 or 3, 'Salaries, wages and pensions'",Running total from 1 January to the report date.
mof.weekly.salaries_wages_pensions.budget,"Salaries, wages and pensions, full-year approved budget",Weekly budget (Ministry of Finance),MVR million,weekly,2018-12-09,2026-09-24,401,"Ministry of Finance, Weekly Fiscal Developments","Weekly Fiscal Developments, table 1 or 2 or 3, 'Salaries, wages and pensions'",As printed in each report.
mof.weekly.salaries_wages_pensions.same_date_last_year,"Salaries, wages and pensions, same date a year earlier",Weekly budget (Ministry of Finance),MVR million,weekly,2020-01-09,2026-09-24,344,"Ministry of Finance, Weekly Fiscal Developments","Weekly Fiscal Developments, table 1 or 2 or 3, 'Salaries, wages and pensions'","As printed in each report, for the same date a year earlier."
mof.weekly.subsidies.ytd,"Subsidies, year to date",Weekly budget (Ministry of Finance),MVR million,weekly,2018-12-09,2026-09-24,401,"Ministry of Finance, Weekly Fiscal Developments","Weekly Fiscal Developments, table 1 or 2 or 3, 'Subsidies'",Running total from 1 January to the report date.
mof.weekly.subsidies.budget,"Subsidies, full-year approved budget",Weekly budget (Ministry of Finance),MVR million,weekly,2018-12-09,2026-09-24,401,"Ministry of Finance, Weekly Fiscal Developments","Weekly Fiscal Developments, table 1 or 2 or 3, 'Subsidies'",As printed in each report.
mof.weekly.subsidies.same_date_last_year,"Subsidies, same date a year earlier",Weekly budget (Ministry of Finance),MVR million,weekly,2020-01-09,2026-09-24,344,"Ministry of Finance, Weekly Fiscal Developments","Weekly Fiscal Developments, table 1 or 2 or 3, 'Subsidies'","As printed in each report, for the same date a year earlier."
mof.weekly.aasandha.ytd,"Aasandha health insurance, year to date",Weekly budget (Ministry of Finance),MVR million,weekly,2018-12-09,2026-09-24,400,"Ministry of Finance, Weekly Fiscal Developments","Weekly Fiscal Developments, table 1 or 2 or 3, 'Aasandha health insurance'",Running total from 1 January to the report date.
mof.weekly.aasandha.budget,"Aasandha health insurance, full-year approved budget",Weekly budget (Ministry of Finance),MVR million,weekly,2018-12-09,2026-09-24,400,"Ministry of Finance, Weekly Fiscal Developments","Weekly Fiscal Developments, table 1 or 2 or 3, 'Aasandha health insurance'",As printed in each report.
mof.weekly.aasandha.same_date_last_year,"Aasandha health insurance, same date a year earlier",Weekly budget (Ministry of Finance),MVR million,weekly,2020-01-09,2026-09-24,344,"Ministry of Finance, Weekly Fiscal Developments","Weekly Fiscal Developments, table 1 or 2 or 3, 'Aasandha health insurance'","As printed in each report, for the same date a year earlier."
mof.weekly.interest_costs.ytd,"Interest and other financing costs, year to date",Weekly budget (Ministry of Finance),MVR million,weekly,2018-12-09,2026-09-24,401,"Ministry of Finance, Weekly Fiscal Developments","Weekly Fiscal Developments, table 1 or 2 or 3, 'Interest and other financing costs'",Running total from 1 January to the report date.
mof.weekly.interest_costs.budget,"Interest and other financing costs, full-year approved budget",Weekly budget (Ministry of Finance),MVR million,weekly,2018-12-09,2026-09-24,401,"Ministry of Finance, Weekly Fiscal Developments","Weekly Fiscal Developments, table 1 or 2 or 3, 'Interest and other financing costs'",As printed in each report.
mof.weekly.interest_costs.same_date_last_year,"Interest and other financing costs, same date a year earlier",Weekly budget (Ministry of Finance),MVR million,weekly,2020-01-09,2026-09-24,344,"Ministry of Finance, Weekly Fiscal Developments","Weekly Fiscal Developments, table 1 or 2 or 3, 'Interest and other financing costs'","As printed in each report, for the same date a year earlier."
mof.weekly.primary_balance.ytd,"Primary balance, year to date",Weekly budget (Ministry of Finance),MVR million,weekly,2018-12-09,2026-09-24,401,"Ministry of Finance, Weekly Fiscal Developments","Weekly Fiscal Developments, table 1 or 2 or 3, 'Primary balance'",Running total from 1 January to the report date.
mof.weekly.primary_balance.budget,"Primary balance, full-year approved budget",Weekly budget (Ministry of Finance),MVR million,weekly,2018-12-09,2026-09-24,401,"Ministry of Finance, Weekly Fiscal Developments","Weekly Fiscal Developments, table 1 or 2 or 3, 'Primary balance'",As printed in each report.
mof.weekly.primary_balance.same_date_last_year,"Primary balance, same date a year earlier",Weekly budget (Ministry of Finance),MVR million,weekly,2020-01-09,2026-09-24,344,"Ministry of Finance, Weekly Fiscal Developments","Weekly Fiscal Developments, table 1 or 2 or 3, 'Primary balance'","As printed in each report, for the same date a year earlier."
mof.weekly.overall_balance.ytd,"Overall balance (revenue minus spending), year to date",Weekly budget (Ministry of Finance),MVR million,weekly,2018-12-09,2026-09-24,401,"Ministry of Finance, Weekly Fiscal Developments","Weekly Fiscal Developments, table 1 or 2 or 3, 'Overall balance (revenue minus spending)'",Running total from 1 January to the report date.
mof.weekly.overall_balance.budget,"Overall balance (revenue minus spending), full-year approved budget",Weekly budget (Ministry of Finance),MVR million,weekly,2018-12-09,2026-09-24,401,"Ministry of Finance, Weekly Fiscal Developments","Weekly Fiscal Developments, table 1 or 2 or 3, 'Overall balance (revenue minus spending)'",As printed in each report.
mof.weekly.overall_balance.same_date_last_year,"Overall balance (revenue minus spending), same date a year earlier",Weekly budget (Ministry of Finance),MVR million,weekly,2020-01-09,2026-09-24,344,"Ministry of Finance, Weekly Fiscal Developments","Weekly Fiscal Developments, table 1 or 2 or 3, 'Overall balance (revenue minus spending)'","As printed in each report, for the same date a year earlier."
mof.weekly.loan_repayment.ytd,"Loan repayments, year to date",Weekly budget (Ministry of Finance),MVR million,weekly,2018-12-09,2026-09-24,401,"Ministry of Finance, Weekly Fiscal Developments","Weekly Fiscal Developments, table 1 or 2 or 3, 'Loan repayments'",Running total from 1 January to the report date.
mof.weekly.loan_repayment.budget,"Loan repayments, full-year approved budget",Weekly budget (Ministry of Finance),MVR million,weekly,2018-12-09,2026-09-24,401,"Ministry of Finance, Weekly Fiscal Developments","Weekly Fiscal Developments, table 1 or 2 or 3, 'Loan repayments'",As printed in each report.
mof.weekly.loan_repayment.same_date_last_year,"Loan repayments, same date a year earlier",Weekly budget (Ministry of Finance),MVR million,weekly,2020-01-09,2026-09-24,344,"Ministry of Finance, Weekly Fiscal Developments","Weekly Fiscal Developments, table 1 or 2 or 3, 'Loan repayments'","As printed in each report, for the same date a year earlier."
mof.weekly.transfers_to_sdf.ytd,"Transfers to the Sovereign Development Fund, year to date",Weekly budget (Ministry of Finance),MVR million,weekly,2018-12-09,2026-09-24,396,"Ministry of Finance, Weekly Fiscal Developments","Weekly Fiscal Developments, table 1 or 2 or 3, 'Transfers to the Sovereign Development Fund'",Running total from 1 January to the report date.
mof.weekly.transfers_to_sdf.budget,"Transfers to the Sovereign Development Fund, full-year approved budget",Weekly budget (Ministry of Finance),MVR million,weekly,2018-12-09,2026-09-24,396,"Ministry of Finance, Weekly Fiscal Developments","Weekly Fiscal Developments, table 1 or 2 or 3, 'Transfers to the Sovereign Development Fund'",As printed in each report.
mof.weekly.transfers_to_sdf.same_date_last_year,"Transfers to the Sovereign Development Fund, same date a year earlier",Weekly budget (Ministry of Finance),MVR million,weekly,2020-02-13,2026-09-24,339,"Ministry of Finance, Weekly Fiscal Developments","Weekly Fiscal Developments, table 1 or 2 or 3, 'Transfers to the Sovereign Development Fund'","As printed in each report, for the same date a year earlier."
mof.weekly.psip.ytd,"Public sector investment programme (PSIP), year to date",Weekly budget (Ministry of Finance),MVR million,weekly,2018-12-09,2026-09-24,398,"Ministry of Finance, Weekly Fiscal Developments","Weekly Fiscal Developments, table 1 or 2 or 3, 'Public sector investment programme (PSIP)'",Running total from 1 January to the report date.
mof.weekly.psip.budget,"Public sector investment programme (PSIP), full-year approved budget",Weekly budget (Ministry of Finance),MVR million,weekly,2018-12-09,2026-09-24,398,"Ministry of Finance, Weekly Fiscal Developments","Weekly Fiscal Developments, table 1 or 2 or 3, 'Public sector investment programme (PSIP)'",As printed in each report.
mof.weekly.psip.same_date_last_year,"Public sector investment programme (PSIP), same date a year earlier",Weekly budget (Ministry of Finance),MVR million,weekly,2020-01-30,2026-09-24,341,"Ministry of Finance, Weekly Fiscal Developments","Weekly Fiscal Developments, table 1 or 2 or 3, 'Public sector investment programme (PSIP)'","As printed in each report, for the same date a year earlier."
mof.weekly.securities_total,"Government securities outstanding, total",Weekly budget (Ministry of Finance),MVR million,fortnightly,2018-12-15,2026-09-24,387,"Ministry of Finance, Weekly Fiscal Developments","Weekly Fiscal Developments, government securities table",Dated by the report it appears in. The table itself is as of a few days earlier.
mof.weekly.securities_domestic,"Government securities outstanding, domestic",Weekly budget (Ministry of Finance),MVR million,fortnightly,2021-12-23,2026-09-24,242,"Ministry of Finance, Weekly Fiscal Developments","Weekly Fiscal Developments, government securities table",Dated by the report it appears in. The table itself is as of a few days earlier.
mof.weekly.securities_external,"Government securities outstanding, external",Weekly budget (Ministry of Finance),MVR million,fortnightly,2021-12-23,2026-09-24,242,"Ministry of Finance, Weekly Fiscal Developments","Weekly Fiscal Developments, government securities table",Dated by the report it appears in. The table itself is as of a few days earlier.
mps.cases.total,"Cases reported to the police, all categories",Cases reported to the police (monthly),cases,monthly,2026-01-31,2026-01-31,1,"Maldives Police Service, crime statistics","police.gov.mv/crime-statistics, total of all categories","Reported cases, not convictions. Includes traffic accidents and lost items."
mps.cases.assault,"Cases reported to the police, assault",Cases reported to the police (monthly),cases,monthly,2026-01-31,2026-01-31,1,"Maldives Police Service, crime statistics","police.gov.mv/crime-statistics, category 'Assault'","Reported cases, not convictions."
mps.cases.counterfeit_and_forgery,"Cases reported to the police, counterfeit and forgery",Cases reported to the police (monthly),cases,monthly,2026-01-31,2026-01-31,1,"Maldives Police Service, crime statistics","police.gov.mv/crime-statistics, category 'Counterfeit and forgery'","Reported cases, not convictions."
mps.cases.domestic_violence,"Cases reported to the police, domestic violence",Cases reported to the police (monthly),cases,monthly,2026-01-31,2026-01-31,1,"Maldives Police Service, crime statistics","police.gov.mv/crime-statistics, category 'Domestic violence'","Reported cases, not convictions."
mps.cases.drugs,"Cases reported to the police, drugs",Cases reported to the police (monthly),cases,monthly,2026-01-31,2026-01-31,1,"Maldives Police Service, crime statistics","police.gov.mv/crime-statistics, category 'Drugs'","Reported cases, not convictions."
mps.cases.embezzlement,"Cases reported to the police, embezzlement",Cases reported to the police (monthly),cases,monthly,2026-01-31,2026-01-31,1,"Maldives Police Service, crime statistics","police.gov.mv/crime-statistics, category 'Embezzlement'","Reported cases, not convictions."
mps.cases.lost_items,"Cases reported to the police, lost items",Cases reported to the police (monthly),cases,monthly,2026-01-31,2026-01-31,1,"Maldives Police Service, crime statistics","police.gov.mv/crime-statistics, category 'Lost items'","Reported cases, not convictions."
mps.cases.robbery,"Cases reported to the police, robbery",Cases reported to the police (monthly),cases,monthly,2026-01-31,2026-01-31,1,"Maldives Police Service, crime statistics","police.gov.mv/crime-statistics, category 'Robbery'","Reported cases, not convictions."
mps.cases.sexual_offences,"Cases reported to the police, sexual offences",Cases reported to the police (monthly),cases,monthly,2026-01-31,2026-01-31,1,"Maldives Police Service, crime statistics","police.gov.mv/crime-statistics, category 'Sexual Offences'","Reported cases, not convictions."
mps.cases.theft,"Cases reported to the police, theft",Cases reported to the police (monthly),cases,monthly,2026-01-31,2026-01-31,1,"Maldives Police Service, crime statistics","police.gov.mv/crime-statistics, category 'Theft'","Reported cases, not convictions."
mps.cases.traffic_accidents,"Cases reported to the police, traffic accidents",Cases reported to the police (monthly),cases,monthly,2026-01-31,2026-01-31,1,"Maldives Police Service, crime statistics","police.gov.mv/crime-statistics, category 'Traffic Accidents'","Reported cases, not convictions."
mps.cases.vandalism,"Cases reported to the police, vandalism",Cases reported to the police (monthly),cases,monthly,2026-01-31,2026-01-31,1,"Maldives Police Service, crime statistics","police.gov.mv/crime-statistics, category 'Vandalism'","Reported cases, not convictions."
