as_at,url,title,status,problems,checked_at
2018-12-09,https://www.finance.gov.mv/public/attachments/xPGbRyu04XP5echeAWXOxqdZsGaLm4sLxjCbeaRk.pdf,Weekly Fiscal Developments - as at 9 December 2018.pdf,published,,2026-10-05T21:49:32+00:00
2018-12-15,https://www.finance.gov.mv/public/attachments/vE0uF6OuTo47pX0VqlbCbUdP4ngqeL15WvNQiw6Z.pdf,Weekly Fiscal Developments - as at 15 December 2018.pdf,published,,2026-10-05T21:49:32+00:00
2018-12-22,https://www.finance.gov.mv/public/attachments/oDOd4c2u17mOkPEMWVypspC23FhcXNQznrQAXyvj.pdf,Weekly Fiscal Developments - as at 22 December 2018.pdf,published,,2026-10-05T21:49:32+00:00
2018-12-29,https://www.finance.gov.mv/public/attachments/vvWkCP7xsUCRSQapWcqdJKYrPMnzlywRzCNZCCHk.pdf,Weekly Fiscal Developments - as at 29 December 2018.pdf,published,,2026-10-05T21:49:32+00:00
2018-12-31,https://www.finance.gov.mv/public/attachments/fCH0B3f6OUJFBI2RXwsZLOSMbX0gUgVQBSniAdgA.pdf,Weekly Fiscal Developments - as at 31 December 2018.pdf,published,,2026-10-05T21:49:32+00:00
2019-01-06,https://www.finance.gov.mv/public/attachments/d2aEVhNuFuXJ1mfLOR6zpe4aT2TUyr2OU9RI0vzy.pdf,Weekly Fiscal Developments - as at 06 January 2019.pdf,published,,2026-10-05T21:49:32+00:00
2019-01-13,https://www.finance.gov.mv/public/attachments/xpN99N5cn8MhirQnjqoXdnlapO41K4Ro7WyiZpq3.pdf,Weekly Fiscal Developments - as at 13 January 2019.pdf,published,,2026-10-05T21:49:32+00:00
2019-01-19,https://www.finance.gov.mv/public/attachments/sx4MlV1sdtnFHPjyF3qd6W2idjitImP8RWO2d9zw.pdf,Weekly Fiscal Developments - as at 19 January 2019.pdf,published,,2026-10-05T21:49:32+00:00
2019-01-26,https://www.finance.gov.mv/public/attachments/K9TddFL5OwAsK8qnHy94IX78HzrhCVKGxUoSS4nJ.pdf,Weekly Fiscal Developments - as at 26 January 2019.pdf,published,,2026-10-05T21:49:32+00:00
2019-02-02,https://www.finance.gov.mv/public/attachments/wHVqeSqCxdkcNtI2qJF8IEHbX87DG2oKh8wd3SFO.pdf,Weekly Fiscal Developments - as at 02 February 2019.pdf,published,,2026-10-05T21:49:32+00:00
2019-02-09,https://www.finance.gov.mv/public/attachments/WYh7hvzDJHn7v7GMVKZDyiDCCJLY2VEOQLxMsnLb.pdf,Weekly Fiscal Developments - as at 09 February 2019.pdf,published,,2026-10-05T21:49:32+00:00
2019-02-16,https://www.finance.gov.mv/public/attachments/xQ5JrmDiM9Pb2sFnSxnYKp6vxFUhje4D45AMRIbo.pdf,Weekly Fiscal Developments - as at 16 February 2019.pdf,published,,2026-10-05T21:49:32+00:00
2019-02-21,https://www.finance.gov.mv/public/attachments/a26TLOBsJTbXCvGmLMCn75F0ZV4b4cjbuvliUQTH.pdf,Weekly Fiscal Developments - as at 21 February 2019.pdf,published,,2026-10-05T21:49:32+00:00
2019-02-28,https://www.finance.gov.mv/public/attachments/OH62GR8LxTBcKtk64eYfKKecT7kCYpkLSFu7wZwb.pdf,Weekly Fiscal Developments - as at 28 February 2019.pdf,published,,2026-10-05T21:49:32+00:00
2019-03-07,https://www.finance.gov.mv/public/attachments/P2KwKpFCxmgbSuJIljQlPTcz3s9upijmaCPO31VK.pdf,Weekly Fiscal Developments - as at 7 March 2019.pdf,published,,2026-10-05T21:49:32+00:00
2019-03-14,https://www.finance.gov.mv/public/attachments/LxYuPVhQbphLYU39qbCJoIvwl0kI09HR7sz0dHE7.pdf,Weekly Fiscal Developments - as at 14 March 2019.pdf,published,,2026-10-05T21:49:32+00:00
2019-03-21,https://www.finance.gov.mv/public/attachments/rPanTl8Gn3Gtrw9R7V9lc6Pcblh6LM0Jy2JZTnvc.pdf,Weekly Fiscal Developments - as at 21 March 2019.pdf,published,,2026-10-05T21:49:32+00:00
2019-03-28,https://www.finance.gov.mv/public/attachments/pQDsQ2c7iMiKONtLyc8Ty0pItfGlvVnAj53K1Jbq.pdf,Weekly Fiscal Developments - as at 28 March 2019.pdf,published,,2026-10-05T21:49:32+00:00
2019-04-04,https://www.finance.gov.mv/public/attachments/lv1Fs1yfkzjXfaq5DWyK5PJ7GKKFqOkaFzt6yLh6.pdf,Weekly Fiscal Developments - as at 04 April 2019.pdf,published,,2026-10-05T21:49:32+00:00
2019-04-11,https://www.finance.gov.mv/public/attachments/AI8jvbj056qaAUcSakbPc6KkWFgs665hm7ud19JU.pdf,Weekly Fiscal Developments - as at 11 April 2019.pdf,published,,2026-10-05T21:49:32+00:00
2019-04-18,https://www.finance.gov.mv/public/attachments/Ei34b8tP5Ay8co9rJM8uEKSovA6J5bKwujaGVTtO.pdf,Weekly Fiscal Developments - as at 18 April 2019.pdf,published,,2026-10-05T21:49:32+00:00
2019-04-25,https://www.finance.gov.mv/public/attachments/M1d34FUv2lmyEt7u8EYbsS7jyv4TbCkOAHIfrILY.pdf,Weekly Fiscal Developments - as at 25 April 2019.pdf,published,,2026-10-05T21:49:32+00:00
2019-05-02,https://www.finance.gov.mv/public/attachments/fQxKi7UTdSZxNNKWN54slZqoUEIDgTlwcxfl6CQH.pdf,Weekly Fiscal Developments - as at 02 May 2019.pdf,published,,2026-10-05T21:49:32+00:00
2019-05-09,https://www.finance.gov.mv/public/attachments/teFSpCkycbNewR8GfmGGaAkYHKZ8LmComuGAOQhO.pdf,Weekly Fiscal Developments - as at 09 May 2019.pdf,published,,2026-10-05T21:49:32+00:00
2019-05-16,https://www.finance.gov.mv/public/attachments/WeWybqnW4lugSO5bMINZYV8cQYbxJhbgOz3qQY0Z.pdf,Weekly Fiscal Developments - as at 16 May 2019.pdf,published,,2026-10-05T21:49:32+00:00
2019-05-23,https://www.finance.gov.mv/public/attachments/6YGFNMly9sPfUJf0rYHn1r6um3qtBWOB5JFA7YTm.pdf,Weekly Fiscal Developments - as at 23 May 2019.pdf,published,,2026-10-05T21:49:32+00:00
2019-05-30,https://www.finance.gov.mv/public/attachments/NfbScIVTNJrwJyFbgXigsFt5zsblMvMj0Mwd3EEj.pdf,Weekly Fiscal Developments - as at 30 May 2019.pdf,published,,2026-10-05T21:49:32+00:00
2019-06-06,https://www.finance.gov.mv/public/attachments/CocKiBFyBAcfocdisPyWsk9dym2sjwtutt9HYTjW.pdf,Weekly Fiscal Developments - as at 6 June 2019.pdf,published,,2026-10-05T21:49:32+00:00
2019-06-11,https://www.finance.gov.mv/public/attachments/RYDFD0QZT4wAv2qULMKo040PX5JnjDBpAjA6d6Jh.pdf,Weekly Fiscal Developments - as at 11 June 2019.pdf,published,,2026-10-05T21:49:32+00:00
2019-06-20,https://www.finance.gov.mv/public/attachments/JB5vxIekOCSU8QHDftOfAFEf5S5YHSmTr70BIDza.pdf,Weekly Fiscal Developments - as at 20 June 2019.pdf,published,,2026-10-05T21:49:32+00:00
2019-06-27,https://www.finance.gov.mv/public/attachments/Pk81mh7Qu8TmgsfJcKhsfqCHxIH6gCpPprWemTws.pdf,Weekly Fiscal Developments - as at 27 June 2019.pdf,published,,2026-10-05T21:49:32+00:00
2019-07-04,https://www.finance.gov.mv/public/attachments/wZy069v2bSum231e7sPrI6vwKuZNimhtWc7K8xaZ.pdf,Weekly Fiscal Developments - as at 04 July 2019.pdf,published,,2026-10-05T21:49:32+00:00
2019-07-11,https://www.finance.gov.mv/public/attachments/7R0MJciIM58dfNApquZJ3yPQGdlohemK4CVyrvDb.pdf,Weekly Fiscal Developments - as at 11 July 2019.pdf,published,,2026-10-05T21:49:32+00:00
2019-07-18,https://www.finance.gov.mv/public/attachments/mrEYNUTBCv4z0ih2oikIMdz2WXvxJ00q0nJvKETt.pdf,Weekly Fiscal Developments - as at 18 July 2019.pdf,published,,2026-10-05T21:49:32+00:00
2019-07-25,https://www.finance.gov.mv/public/attachments/FoJTwXzIZsW6OioT07N2v5Nj8tZjgr1P6G2Ph8Lw.pdf,Weekly Fiscal Developments - as at 25 July 2019.pdf,published,,2026-10-05T21:49:32+00:00
2019-08-01,https://www.finance.gov.mv/public/attachments/QArbwXxHPcYKW4TEMvTOAeFRDmip8bbWzQH2NSPJ.pdf,Weekly Fiscal Developments - as at 1 August 2019.pdf,published,,2026-10-05T21:49:32+00:00
2019-08-15,https://www.finance.gov.mv/public/attachments/HotwEA8NxAcokyulvV4s1tQyv6snKynITlUlUcOA.pdf,Weekly Fiscal Developments - as at 15 August 2019.pdf,published,,2026-10-05T21:49:32+00:00
2019-08-22,https://www.finance.gov.mv/public/attachments/ujLP2tzabIX7hGHJhFF8OLpnRfJXOFpXkynBpE2E.pdf,Weekly Fiscal Developments - as at 22 August 2019.pdf,published,,2026-10-05T21:49:32+00:00
2019-08-29,https://www.finance.gov.mv/public/attachments/vfXzN1HETyzFzvJND0OIdiIWWMRBqpmjLMaCCocL.pdf,Weekly Fiscal Developments - as at 29 August 2019.pdf,published,,2026-10-05T21:49:32+00:00
2019-09-05,https://www.finance.gov.mv/public/attachments/Vvk71susGpBre7SElcM7RhHHiZ8mzCp0lkcNgg0T.pdf,Weekly Fiscal Developments - as at 5 September 2019.pdf,published,,2026-10-05T21:49:32+00:00
2019-09-12,https://www.finance.gov.mv/public/attachments/FESGiecJQTgAenIAgGpySDnnlVPjHTHjBGQxv6yK.pdf,Weekly Fiscal Developments - as at 12 September 2019.pdf,published,,2026-10-05T21:49:32+00:00
2019-09-19,https://www.finance.gov.mv/public/attachments/J3d7X2ONFFesQngQnYIe1pbJbhjzzN47JDp33FFu.pdf,Weekly Fiscal Developments - as at 19 September 2019.pdf,published,,2026-10-05T21:49:32+00:00
2019-09-26,https://www.finance.gov.mv/public/attachments/OiEa3r3zK6wkTRPfJcfNABjkeiK7dWJq7Twi69po.pdf,Weekly Fiscal Developments - as at 26 September 2019.pdf,published,,2026-10-05T21:49:32+00:00
2019-10-03,https://www.finance.gov.mv/public/attachments/3cnm07vWRVt1FY3dvqaPf9EsyzDqwaHFfdiQ1fnG.pdf,Weekly Fiscal Developments - as at 3 October 2019.pdf,published,,2026-10-05T21:49:32+00:00
2019-10-10,https://www.finance.gov.mv/public/attachments/uDbm2yEYdei6K6LyIUDDJp4I16Q86BiN0tYBOMV7.pdf,Weekly Fiscal Developments - as at 10 October 2019.pdf,published,,2026-10-05T21:49:32+00:00
2019-10-17,https://www.finance.gov.mv/public/attachments/a2vdbY1wYRMy0Gr201hPOcIIKXaoZq2pXP6Kk5GE.pdf,Weekly Fiscal Developments - as at 17 October 2019.pdf,published,,2026-10-05T21:49:32+00:00
2019-10-24,https://www.finance.gov.mv/public/attachments/fv5chQboxbmTF8HXc8tY5NJYlHWboUjFQJa8WmTu.pdf,Weekly Fiscal Developments - as at 24 October 2019.pdf,published,,2026-10-05T21:49:32+00:00
2019-10-31,https://www.finance.gov.mv/public/attachments/D1PyCzmdnkE9qKAqcUv0Xp2xPCojavoh19TRIdcW.pdf,Weekly Fiscal Developments - as at 31 October 2019.pdf,published,,2026-10-05T21:49:32+00:00
2019-11-07,https://www.finance.gov.mv/public/attachments/hSExgCUmKCcgMC9rM6FGjAo2E05DHgw2KVPBojMa.pdf,Weekly Fiscal Developments - as at 7 November 2019.pdf,published,,2026-10-05T21:49:32+00:00
2019-11-14,https://www.finance.gov.mv/public/attachments/oaDbfSkOxR7LWkrH9Vhb683NaqpBDjAwSYR9aeY2.pdf,Weekly Fiscal Developments - as at 14 November 2019.pdf,published,,2026-10-05T21:49:32+00:00
2019-11-21,https://www.finance.gov.mv/public/attachments/ts7vPVXipYMwJ7qfEkFLFsNThWInrAr52qbDYj6M.pdf,Weekly Fiscal Developments - as at 21 November 2019.pdf,published,,2026-10-05T21:49:32+00:00
2019-11-28,https://www.finance.gov.mv/public/attachments/sVV16rT80gp1tvaUWHE4hOblyprOoDo19eWFOvW0.pdf,Weekly Fiscal Developments - as at 28 November 2019.pdf,published,,2026-10-05T21:49:32+00:00
2019-12-05,https://www.finance.gov.mv/public/attachments/zuPkwcYBfTonECIOAKbBeAwLI6pxqsGlcKRf52VO.pdf,Weekly Fiscal Developments - as at 5 December 2019.pdf,published,,2026-10-05T21:49:32+00:00
2019-12-12,https://www.finance.gov.mv/public/attachments/LUhnntWE0LUaUYkRQfpHxObBZzmLrvo2t8t7l77M.pdf,Weekly Fiscal Developments - as at 12 December 2019.pdf,published,,2026-10-05T21:49:32+00:00
2019-12-19,https://www.finance.gov.mv/public/attachments/ZyPZh2SeoXBxFSn43MAaXklZEbqf2BDydonFNwhK.pdf,Weekly Fiscal Developments - as at 19 December 2019.pdf,published,,2026-10-05T21:49:32+00:00
2019-12-26,https://www.finance.gov.mv/public/attachments/IjcE3742sirTDALPTr3xbogxxIY9gkER7k6mgh4A.pdf,Weekly Fiscal Developments - as at 26 December 2019.pdf,published,,2026-10-05T21:49:32+00:00
2019-12-31,https://www.finance.gov.mv/public/attachments/19ciVbk0HnOTTpdKTaUIjULds3I8B5aMsuKiFSJb.pdf,Weekly Fiscal Developments - as at 31 December 2019.pdf,published,,2026-10-05T21:49:32+00:00
2020-01-09,https://www.finance.gov.mv/public/attachments/Xy7PYdkEIVgoY45WIZnMEnthDJjucRaaVM9pPDKf.pdf,Weekly Fiscal Developments - as at 9 January 2020.pdf,published,,2026-10-05T21:49:32+00:00
2020-01-16,https://www.finance.gov.mv/public/attachments/Sr2TdCnIJXi3EjbFFZslOe2gHyJsPVcm5T25w4KD.pdf,Weekly Fiscal Developments - as at 16 January 2020.pdf,published,,2026-10-05T21:49:32+00:00
2020-01-23,https://www.finance.gov.mv/public/attachments/GWkYPxHetjIPfNQQH09411VYvvc6sUhmZ6wlDDHN.pdf,Weekly Fiscal Developments - as at 23 January 2020.pdf,published,,2026-10-05T21:49:32+00:00
2020-01-30,https://www.finance.gov.mv/public/attachments/9ZzncgKRJt0QJYnlYUQXalRsFUpPjwRrPRrHkmpd.pdf,Weekly Fiscal Developments - as at 30 January 2020.pdf,published,,2026-10-05T21:49:32+00:00
2020-02-06,https://www.finance.gov.mv/public/attachments/fDE2MHaNQddMmbWHqUm9VnAWu9d1oE07Y2mzdqzo.pdf,Weekly Fiscal Developments - as at 06 February 2020.pdf,published,,2026-10-05T21:49:32+00:00
2020-02-13,https://www.finance.gov.mv/public/attachments/ZpEcV6GpBUkTm4D9FnbEb26pHqoLRrxtaPPKgqS2.pdf,Weekly Fiscal Developments - as at 13 February 2020.pdf,published,,2026-10-05T21:49:32+00:00
2020-02-20,https://www.finance.gov.mv/public/attachments/0bEF1INJubdEcNuEiyKezqpHpLrPE2b4eGksI2hg.pdf,Weekly Fiscal Developments - as at 20 February 2020.pdf,published,,2026-10-05T21:49:32+00:00
2020-02-27,https://www.finance.gov.mv/public/attachments/OORPWRFEj9npjeOdBhb9kg5pbLMHUC1NBFKXwF9P.pdf,Weekly Fiscal Developments - as at 27 February 2020.pdf,published,,2026-10-05T21:49:32+00:00
2020-03-05,https://www.finance.gov.mv/public/attachments/8kbyMUf574gs7XfskCTnGei53dEZdWkqpA1dcX5r.pdf,Weekly Fiscal Developments - as at 05 March 2020.pdf,published,,2026-10-05T21:49:32+00:00
2020-03-12,https://www.finance.gov.mv/public/attachments/2clkzQsTU4I7eSN0fweUxBY28ABzNKbH93DYEu9k.pdf,Weekly Fiscal Developments - as at 12 March 2020.pdf,published,,2026-10-05T21:49:32+00:00
2020-03-19,https://www.finance.gov.mv/public/attachments/2w1H4dw0x6PpJhHUgkU7nm3lgjG3ul8aLgxMNhz5.pdf,Weekly Fiscal Developments - as at 19 March 2020.pdf,published,,2026-10-05T21:49:32+00:00
2020-03-26,https://www.finance.gov.mv/public/attachments/lmUjmgmBRYvcUWGuHDzbiOrDIktbkBcB91gRvT8z.pdf,Weekly Fiscal Developments - as at 26 March 2020.pdf,published,,2026-10-05T21:49:32+00:00
2020-04-02,https://www.finance.gov.mv/public/attachments/q4tv7HRHaAvKNU4lKbJAMqh70KEY9IrwCOYhp2MN.pdf,Weekly Fiscal Developments - as at 02 April 2020.pdf,published,,2026-10-05T21:49:32+00:00
2020-04-09,https://www.finance.gov.mv/public/attachments/LjTVVuO4BuQoQ4EH5pdiIvpMXCBCVu8h3ZAX8biE.pdf,Weekly Fiscal Developments - as at 09 April 2020.pdf,published,,2026-10-05T21:49:32+00:00
2020-04-16,https://www.finance.gov.mv/public/attachments/J7uuiDC5r4geuRpz9hOYTFQQWooJ22Eedz7pf3bl.pdf,Weekly Fiscal Developments - as at 16 April 2020.pdf,published,,2026-10-05T21:49:32+00:00
2020-04-23,https://www.finance.gov.mv/public/attachments/AAKQpgp0n21Enj4LcT8dUKcdWGdPmBtlURcEBUB1.pdf,Weekly Fiscal Developments - as at 23 April 2020.pdf,published,,2026-10-05T21:49:32+00:00
2020-04-30,https://www.finance.gov.mv/public/attachments/yNBKkdH4tcUvEO4LBMeKoVkkjN0EtFNkANLSSXc1.pdf,Weekly Fiscal Developments - as at 30 April 2020.pdf,published,,2026-10-05T21:49:32+00:00
2020-05-07,https://www.finance.gov.mv/public/attachments/hkx8y1cR2H7ZQPLypfD0BUPJ3E1okTRcaN3fX14v.pdf,Weekly Fiscal Developments - as at 07 May 2020.pdf,published,,2026-10-05T21:49:32+00:00
2020-05-14,https://www.finance.gov.mv/public/attachments/8nE8MLnFcniTU0DYnroed99c9mMa1hpIX2fJKvNB.pdf,Weekly Fiscal Developments - as at 14 May 2020.pdf,published,,2026-10-05T21:49:32+00:00
2020-05-21,https://www.finance.gov.mv/public/attachments/7ZNxmm9wYn1c0cRqMjY6D3JN3WekOp3D8tt1wnLU.pdf,Weekly Fiscal Developments - as at 21 May 2020.pdf,published,,2026-10-05T21:49:32+00:00
2020-05-28,https://www.finance.gov.mv/public/attachments/L8fRzuzKuMHfq3utarKugJ8XfaQDNtQbRk2MVZE0.pdf,Weekly Fiscal Developments - as at 28 May 2020.pdf,published,,2026-10-05T21:49:32+00:00
2020-06-04,https://www.finance.gov.mv/public/attachments/41wEEmLmwmBZKImVYMRFbOatejbU9n5XMLAuWfqA.pdf,Weekly Fiscal Developments - as at 04 June 2020.pdf,published,,2026-10-05T21:49:32+00:00
2020-06-11,https://www.finance.gov.mv/public/attachments/osfPwBkPpi4mx7607Cm80zXiAJa97H06AI9BS4C3.pdf,Weekly Fiscal Developments - as at 11 June 2020.pdf,published,,2026-10-05T21:49:32+00:00
2020-06-18,https://www.finance.gov.mv/public/attachments/NKweEy5HRPTdjWvKNDp5x5ZZcVurUoNuj7A7oH0b.pdf,Weekly Fiscal Developments - as at 18 June 2020.pdf,published,,2026-10-05T21:49:32+00:00
2020-06-25,https://www.finance.gov.mv/public/attachments/EOGqkdYBbAq832IwBRJblINCprQAqE4oTyk5T89j.pdf,Weekly Fiscal Developments - as at 25 June 2020.pdf,published,,2026-10-05T21:49:32+00:00
2020-07-02,https://www.finance.gov.mv/public/attachments/W493IabpNj3USSUzg4vJAbzmLGbYM1Dw0OqpTZ8W.pdf,Weekly Fiscal Developments - as at 02 July 2020.pdf,published,,2026-10-05T21:49:32+00:00
2020-07-09,https://www.finance.gov.mv/public/attachments/Hok202xjg3Cf76kl8moosWHorA02lHP2HFYA0x7E.pdf,Weekly Fiscal Developments - as at 09 July 2020.pdf,published,,2026-10-05T21:49:32+00:00
2020-07-16,https://www.finance.gov.mv/public/attachments/kfJ1QsKCmR5HMH6mkF8SU3pBlzRDyWYMFQMBlrdH.pdf,Weekly Fiscal Developments - as at 16 July 2020.pdf,published,,2026-10-05T21:49:32+00:00
2020-07-23,https://www.finance.gov.mv/public/attachments/KVGKKyAANmZa7Q7IC691kx7ajXl6ANQXrRiHVAw8.pdf,Weekly Fiscal Developments - as at 23 July 2020.pdf,published,,2026-10-05T21:49:32+00:00
2020-07-30,https://www.finance.gov.mv/public/attachments/HxGNl3CUcsIlICDlcfT2ta63cv12co34ZH3kNcMs.pdf,Weekly Fiscal Developments - as at 30 July 2020.pdf,published,,2026-10-05T21:49:32+00:00
2020-08-06,https://www.finance.gov.mv/public/attachments/MiwISkPJIFjHEJuekuXkocQAAtPJ0gj4HcGSiJSH.pdf,Weekly Fiscal Developments - as at 06 August 2020.pdf,published,,2026-10-05T21:49:32+00:00
2020-08-13,https://www.finance.gov.mv/public/attachments/5hLMrOzVPbSkJdaypn8b2aD3v9TePlt3ovGWfE4v.pdf,Weekly Fiscal Developments - as at 13 August 2020.pdf,published,,2026-10-05T21:49:32+00:00
2020-08-20,https://www.finance.gov.mv/public/attachments/rWHxbr1VL8KD4KoHr1V2QmhSNMs9SuIN1I6oiBam.pdf,Weekly Fiscal Developments - as at 20 August 2020.pdf,published,,2026-10-05T21:49:32+00:00
2020-08-27,https://www.finance.gov.mv/public/attachments/Ngb8qtP3BWfawvY6w0RIwpSLsiBaZPYluik5hPuM.pdf,Weekly Fiscal Developments - as at 27 August 2020.pdf,published,,2026-10-05T21:49:32+00:00
2020-09-03,https://www.finance.gov.mv/public/attachments/dA4HaQmJeMCRItoRYT2mpjYxkBiTMF2Upxc4e6J3.pdf,Weekly Fiscal Developments - as at 03 September 2020.pdf,published,,2026-10-05T21:49:32+00:00
2020-09-10,https://www.finance.gov.mv/public/attachments/hp9rELtvyZkBCw68YqAJPa9gXVqJYahHT638ltx6.pdf,Weekly Fiscal Developments - as at 10 September 2020.pdf,published,,2026-10-05T21:49:32+00:00
2020-09-17,https://www.finance.gov.mv/public/attachments/KAPDNKO3NdsVopJOfxNuZk07R6AOaxVpC614eBvA.pdf,Weekly Fiscal Developments - as at 17 September 2020.pdf,published,,2026-10-05T21:49:32+00:00
2020-09-24,https://www.finance.gov.mv/public/attachments/5DWoBOwwPuIM2rImfOukQKqIcpZ6i8w91X10FfYy.pdf,Weekly Fiscal Developments - as at 24 September 2020.pdf,published,,2026-10-05T21:49:32+00:00
2020-10-01,https://www.finance.gov.mv/public/attachments/HLMIB18CjQZpYrJVp2LR4zsCd27SJvUKISxHRqeY.pdf,Weekly Fiscal Developments - as at 01 October 2020.pdf,published,,2026-10-05T21:49:32+00:00
2020-10-08,https://www.finance.gov.mv/public/attachments/lbAz1F58pOXWUuydJsNPwsljAv4hmMpshUYHFdQd.pdf,Weekly Fiscal Developments - as at 08 October 2020.pdf,published,,2026-10-05T21:49:32+00:00
2020-10-15,https://www.finance.gov.mv/public/attachments/MzigauKeybvN3JWAtauxp2h7Agf1kyMZJdj5YkTd.pdf,Weekly Fiscal Developments - as at 15 October 2020.pdf,published,,2026-10-05T21:49:32+00:00
2020-10-22,https://www.finance.gov.mv/public/attachments/3sqMuLuFwKALrQ1Vqi7EfnkHveTPq211oVarVXtS.pdf,Weekly Fiscal Developments - as at 22 October 2020.pdf,published,,2026-10-05T21:49:32+00:00
2020-10-29,https://www.finance.gov.mv/public/attachments/g6EmQYD4XqGwfYzhKwpKZDRjmQgbSJjwrn5z7X2m.pdf,Weekly Fiscal Developments - as at 29 October 2020.pdf,published,,2026-10-05T21:49:32+00:00
2020-11-05,https://www.finance.gov.mv/public/attachments/d7pDnunZ5bNRDQVII1xXc734wZEHrIZpyBTXry26.pdf,Weekly Fiscal Developments - as at 05 November 2020.pdf,published,,2026-10-05T21:49:32+00:00
2020-11-12,https://www.finance.gov.mv/public/attachments/itfFemj23lc3s1dtcqzzq1LukF7rLNAzgkEbp8gz.pdf,Weekly Fiscal Developments - as at 12 November 2020.pdf,published,,2026-10-05T21:49:32+00:00
2020-11-19,https://www.finance.gov.mv/public/attachments/NDBmTP7P1AqVg92DUnGIW0huCgpYeuAaqI1eNT45.pdf,Weekly Fiscal Developments - as at 19 November 2020.pdf,published,,2026-10-05T21:49:32+00:00
2020-11-26,https://www.finance.gov.mv/public/attachments/foK9WBgX5T1Agiv87EllvXhPYlORGWkXk7L62Uxh.pdf,Weekly Fiscal Developments - as at 26 November 2020.pdf,published,,2026-10-05T21:49:32+00:00
2020-12-03,https://www.finance.gov.mv/public/attachments/Lqc5pSDCmebW5EV9jMs1mn5vt3ALnovFfLo5XNZm.pdf,Weekly Fiscal Developments - as at 03 December 2020.pdf,published,,2026-10-05T21:49:32+00:00
2020-12-10,https://www.finance.gov.mv/public/attachments/tcZBojA6atO644Qny0Utjg06DE9x7Rn4WljJ8efO.pdf,Weekly Fiscal Developments - as at 10 December 2020.pdf,published,,2026-10-05T21:49:32+00:00
2020-12-17,https://www.finance.gov.mv/public/attachments/KuY2LsxzbRmps6acCiWbnuD5N5dgHdq1kpBLaMv6.pdf,Weekly Fiscal Developments - as at 17 December 2020.pdf,published,,2026-10-05T21:49:32+00:00
2020-12-24,https://www.finance.gov.mv/public/attachments/rRSupgI32LAPIIz7OyRMySmD4OjAF5VokDVbRBTQ.pdf,Weekly Fiscal Developments - as at 24 December 2020.pdf,published,,2026-10-05T21:49:32+00:00
2020-12-31,https://www.finance.gov.mv/public/attachments/bvNz3SrkovUfHYMg1WaRylDYw0NeXACjg6msFt9r.pdf,Weekly Fiscal Developments - as at 31 December 2020.pdf,published,,2026-10-05T21:49:32+00:00
2021-01-07,https://www.finance.gov.mv/public/attachments/BhPqtHvzKcIadpV9rCG0Ak71FbkrPtqaX0DCysS6.pdf,Weekly Fiscal Developments - as at 07 January 2021.pdf,published,,2026-10-05T21:49:32+00:00
2021-01-14,https://www.finance.gov.mv/public/attachments/zwrhVyccTTfr8mpFLrHo9pCfo9LqzY7UhAaCoUix.pdf,Weekly Fiscal Developments - as at 14 January 2021.pdf,published,,2026-10-05T21:49:32+00:00
2021-01-21,https://www.finance.gov.mv/public/attachments/ab9w5HcARgF5aeNkXyeilZ66Yl0HlS6dOuXtZH2L.pdf,Weekly Fiscal Developments - as at 21 January 2021.pdf,published,,2026-10-05T21:49:32+00:00
2021-01-28,https://www.finance.gov.mv/public/attachments/sNQepGbwglklLMYXTcm1uDdTsPLE8OyaCnrTFExy.pdf,Weekly Fiscal Developments - as at 28 January 2021.pdf,published,,2026-10-05T21:49:32+00:00
2021-02-04,https://www.finance.gov.mv/public/attachments/uMMnDBZBczOmJX64BP5YEJiLKCligWGCPJZnty6n.pdf,Weekly Fiscal Developments - as at 04 February 2021.pdf,published,,2026-10-05T21:49:32+00:00
2021-02-11,https://www.finance.gov.mv/public/attachments/F8yuSN6XYQWPnewGIUiU09RtUzaY7cbPSjuVvwy5.pdf,Weekly Fiscal Developments - as at 11 February 2021.pdf,published,,2026-10-05T21:49:32+00:00
2021-02-18,https://www.finance.gov.mv/public/attachments/HQrmCye1H6xM7V9mT9C3U2ApbP79AzgZtLA2M1it.pdf,Weekly Fiscal Developments - as at 18 February 2021.pdf,published,,2026-10-05T21:49:32+00:00
2021-02-25,https://www.finance.gov.mv/public/attachments/ssDweaCtFKg82iK2G36Nkvw9ElwYPpmRyo8qUyre.pdf,Weekly Fiscal Developments - as at 25 February 2021.pdf,published,,2026-10-05T21:49:32+00:00
2021-03-04,https://www.finance.gov.mv/public/attachments/FB8N9pTG3zDL4cn5hbpgtfeNUu7U8WKwkRlyaOZZ.pdf,Weekly Fiscal Developments - as at 04 March 2021.pdf,published,,2026-10-05T21:49:32+00:00
2021-03-11,https://www.finance.gov.mv/public/attachments/6nlEuvuIXpKXb4nuvEEftZqNAKFFZElSmgegkgCU.pdf,Weekly Fiscal Developments - as at 11 March 2021.pdf,published,,2026-10-05T21:49:32+00:00
2021-03-18,https://www.finance.gov.mv/public/attachments/lOkiLcqwHCQc5rG9vy0aZBT3QYAUJ3ZuhLYNnQPs.pdf,Weekly Fiscal Developments - as at 18 March 2021.pdf,published,,2026-10-05T21:49:32+00:00
2021-03-25,https://www.finance.gov.mv/public/attachments/WFCBtIQn51dC74tGIKXL7f7uSnsYH6gq27bmmrmF.pdf,Weekly Fiscal Developments - as at 25 March 2021.pdf,published,,2026-10-05T21:49:32+00:00
2021-04-01,https://www.finance.gov.mv/public/attachments/GO0gvqWJEcDyMfimLvdkTXcLEcXnFKzoXz4wOwUF.pdf,Weekly Fiscal Developments - as at 01 April 2021.pdf,published,,2026-10-05T21:49:32+00:00
2021-04-08,https://www.finance.gov.mv/public/attachments/J6TBwYKeybUT78kRZlB4WA2EtxfQ1pL9lNYWQ3nZ.pdf,Weekly Fiscal Developments - as at 08 April 2021.pdf,published,,2026-10-05T21:49:32+00:00
2021-04-15,https://www.finance.gov.mv/public/attachments/QzNj9r8KTmWV13HfPUUaI1W1iK4ZYWcxBIFaa9ei.pdf,Weekly Fiscal Developments - as at 15 April 2021.pdf,published,,2026-10-05T21:49:32+00:00
2021-04-22,https://www.finance.gov.mv/public/attachments/TTttO4uLa8GLsiXMxABvk22GNvAAe7Qy256f31TL.pdf,Weekly Fiscal Developments - as at 22 April 2021.pdf,published,,2026-10-05T21:49:32+00:00
2021-04-29,https://www.finance.gov.mv/public/attachments/Ot3aJ05R6WnprxJvMkpssuwEDqR1W0NdLPIQPRhH.pdf,Weekly Fiscal Developments - as at 29 April 2021.pdf,published,,2026-10-05T21:49:32+00:00
2021-05-06,https://www.finance.gov.mv/public/attachments/NiNMzsU7ZIy5dVlL9Uu1IQsrsS5w4vlgqubnOtnW.pdf,Weekly Fiscal Developments - as at 06 May 2021.pdf,published,,2026-10-05T21:49:32+00:00
2021-05-13,https://www.finance.gov.mv/public/attachments/C77yIWtsOrcQaUCs0xYuENZ3aYKGPioXlEzmANZu.pdf,Weekly Fiscal Developments - as at 13 May 2021.pdf,published,,2026-10-05T21:49:32+00:00
2021-05-20,https://www.finance.gov.mv/public/attachments/fka7pzMxUAtmVMReHrahUZySkee0eR5Y2H91IdSx.pdf,Weekly Fiscal Developments - as at 20 May 2021.pdf,published,,2026-10-05T21:49:32+00:00
2021-05-27,https://www.finance.gov.mv/public/attachments/wOyocnllpiFnyWug518rw7ERZIrOFc7Xu5O2ScpB.pdf,Weekly Fiscal Developments - as at 27 May 2021.pdf,published,,2026-10-05T21:49:32+00:00
2021-06-03,https://www.finance.gov.mv/public/attachments/cQCWkPEBNiKHWinau7WzVYbYhMOMy9tbe8eAd0Mw.pdf,Weekly Fiscal Developments - as at 03 June 2021.pdf,published,,2026-10-05T21:49:32+00:00
2021-06-10,https://www.finance.gov.mv/public/attachments/XdBwMSeUYlkHNEDQY9TkR5WJAj6fc8M7JhXrUwk6.pdf,Weekly Fiscal Developments - as at 10 June 2021.pdf,published,,2026-10-05T21:49:32+00:00
2021-06-17,https://www.finance.gov.mv/public/attachments/NlDp8m7u2Lf58e0QzXseOxAHG32wE1s4StmKytLS.pdf,Weekly Fiscal Developments - as at 17 June 2021.pdf,published,,2026-10-05T21:49:32+00:00
2021-06-24,https://www.finance.gov.mv/public/attachments/9ELj8PPwRs6f937uSqhcG0zc1go5fk5jOhrHUmLX.pdf,Weekly Fiscal Developments - as at 24 June 2021.pdf,published,,2026-10-05T21:49:32+00:00
2021-07-01,https://www.finance.gov.mv/public/attachments/KhpKVp8HHRustyaJCw3NqKd3KW1nBaGJWRi6HQxn.pdf,Weekly Fiscal Developments - as at 01 July 2021.pdf,published,,2026-10-05T21:49:32+00:00
2021-07-08,https://www.finance.gov.mv/public/attachments/toa5afXUIUiHvqeMjBXAaJCecCLGLdy12Rhe6rD6.pdf,Weekly Fiscal Developments - as at 08 July 2021.pdf,published,,2026-10-05T21:49:32+00:00
2021-07-15,https://www.finance.gov.mv/public/attachments/ZXf1zk51Wyda0IgiDIPcfX2kQosKE0bH9kw5qNKi.pdf,Weekly Fiscal Developments - as at 15 July 2021.pdf,published,,2026-10-05T21:49:32+00:00
2021-07-22,https://www.finance.gov.mv/public/attachments/rwnEKuHstSpOGr00usAkIPAAMDniVKxsxr0GFAks.pdf,Weekly Fiscal Developments - as at 22 July 2021.pdf,published,,2026-10-05T21:49:32+00:00
2021-07-29,https://www.finance.gov.mv/public/attachments/9snj2EPYHkzo44K5QgVK1Y6c2sZxmdhgcUQvRJpA.pdf,Weekly Fiscal Developments - as at 29 July 2021.pdf,published,,2026-10-05T21:49:32+00:00
2021-08-05,https://www.finance.gov.mv/public/attachments/wUetYeO5Ry4Ms4Yf3MXUOxXaxVaVcIqDWZrkxaVI.pdf,Weekly Fiscal Developments - as at 05 August 2021.pdf,published,,2026-10-05T21:49:32+00:00
2021-08-12,https://www.finance.gov.mv/public/attachments/50YStyOncVMjfsrL1bX12CO9X1CdKpbjbrP0Gi2W.pdf,Weekly Fiscal Developments - as at 12 August 2021.pdf,published,,2026-10-05T21:49:32+00:00
2021-08-19,https://www.finance.gov.mv/public/attachments/60QEGsO0pQLiUelV3Hdd6zQisJHYOu7ptAXvcXFU.pdf,Weekly Fiscal Developments - as at 19 August 2021.pdf,published,,2026-10-05T21:49:32+00:00
2021-08-26,https://www.finance.gov.mv/public/attachments/AcG0K6Hp3r5qx3llhVSuSUq9WMkOH5t4Dg0pWiG7.pdf,Weekly Fiscal Developments - as at 26 August 2021.pdf,published,,2026-10-05T21:49:32+00:00
2021-09-02,https://www.finance.gov.mv/public/attachments/Ofp3DD63S958HoszA1jDqAg0zQPZOoYioIcQBHvJ.pdf,Weekly Fiscal Developments - as at 02 September 2021.pdf,published,,2026-10-05T21:49:32+00:00
2021-09-09,https://www.finance.gov.mv/public/attachments/bcbebFym4ALbBoYReXvnXnmsFuIsl8wwaEiL4zOu.pdf,Weekly Fiscal Developments - as at 09 September 2021.pdf,published,,2026-10-05T21:49:32+00:00
2021-09-16,https://www.finance.gov.mv/public/attachments/VaU9lLxVjJ7qQW2W8qUsKKDiRqQeDqnX7j7ABgNJ.pdf,Weekly Fiscal Developments - as at 16 September 2021.pdf,published,,2026-10-05T21:49:32+00:00
2021-09-23,https://www.finance.gov.mv/public/attachments/flJKD2ybMDmdFt6wWFyH5JVrZ2Nk1xDwLhOmOKsG.pdf,Weekly Fiscal Developments - as at 23 September 2021.pdf,published,,2026-10-05T21:49:32+00:00
2021-09-30,https://www.finance.gov.mv/public/attachments/oCkqpFlA2MzCnD7EDGqRpU6gD3zuZp8KMfXi3FNj.pdf,Weekly Fiscal Developments - as at 30 September 2021.pdf,published,,2026-10-05T21:49:32+00:00
2021-10-07,https://www.finance.gov.mv/public/attachments/xFHyYrserdJwBmV9bhxdkfExYzx9PIjZNYRh2wwb.pdf,Weekly Fiscal Developments -  as at 07 October 2021.pdf,published,,2026-10-05T21:49:32+00:00
2021-10-14,https://www.finance.gov.mv/public/attachments/8XDUiGrmNTQuCI4ffoELgkskVeBIRzKooIEvW3iY.pdf,Weekly Fiscal Developments -  as at 14 October 2021.pdf,published,,2026-10-05T21:49:32+00:00
2021-10-21,https://www.finance.gov.mv/public/attachments/irblN4eg9qSKOPDWFodsxZkcgW4HxGzNcBnQvLrg.pdf,Weekly Fiscal Developments -  as at 21 October 2021.pdf,published,,2026-10-05T21:49:32+00:00
2021-10-28,https://www.finance.gov.mv/public/attachments/2WxttydiNfMBHTIo1lW7r2kKKodL3YfMwzelVYoN.pdf,Weekly Fiscal Developments -  as at 28 October 2021.pdf,published,,2026-10-05T21:49:32+00:00
2021-11-04,https://www.finance.gov.mv/public/attachments/Vju2FqleyqEEfH2i1OPKkldROYMdphyVLpmb34M6.pdf,Weekly Fiscal Developments -  as at 04 November 2021.pdf,published,,2026-10-05T21:49:32+00:00
2021-11-11,https://www.finance.gov.mv/public/attachments/PW33FeXtd5F6pP9M2FX0cHUvGIe6S8cpEKIPT52X.pdf,Weekly Fiscal Developments -  as at 11 November 2021.pdf,published,,2026-10-05T21:49:32+00:00
2021-11-18,https://www.finance.gov.mv/public/attachments/1cfS8HrsUxUlrmFwLgt5MYsJEi3qhKIBLE7y18Y4.pdf,Weekly Fiscal Developments -  as at 18 November 2021.pdf,published,,2026-10-05T21:49:32+00:00
2021-11-25,https://www.finance.gov.mv/public/attachments/M1Xm0Bpbfr13n3rWUNMnFq13FQ1XtTO3nBEGP1Hk.pdf,Weekly Fiscal Developments -  as at 25 November 2021.pdf,published,,2026-10-05T21:49:32+00:00
2021-12-01,https://www.finance.gov.mv/public/attachments/GsybkPXYVn2DO0MczoWrxKLOn8F4UmALOMBxbLGB.pdf,Weekly Fiscal Developments -  as at 01 December 2021.pdf,published,,2026-10-05T21:49:32+00:00
2021-12-09,https://www.finance.gov.mv/public/attachments/1YkHg0N5tyjWqqfWqv95JsaMbpdwtZpx1QMx3qiW.pdf,Weekly Fiscal Developments -  as at 09 December 2021.pdf,published,,2026-10-05T21:49:32+00:00
2021-12-16,https://www.finance.gov.mv/public/attachments/Fzf05kfHCixUP13CuUckmtSse1dH4WA80qzTYZbb.pdf,Weekly Fiscal Developments -  as at 16 December 2021.pdf,published,,2026-10-05T21:49:32+00:00
2021-12-23,https://www.finance.gov.mv/public/attachments/wFlKi9wJrt9aeWql6gBw571CupiNJeKpqiuA4ZWy.pdf,Weekly Fiscal Developments -  as at 23 December 2021.pdf,published,,2026-10-05T21:49:32+00:00
2021-12-31,https://www.finance.gov.mv/public/attachments/bLuCVV5uST3zHgdnY88iSgoNKc2tADV8JdnqYQkL.pdf,Weekly Fiscal Developments -  as at 31 December 2021.pdf,published,,2026-10-05T21:49:32+00:00
2022-01-06,https://www.finance.gov.mv/public/attachments/IrfGVTqEtyLMo2FAHgoa12jdFINvRzoj2Yh4aODm.pdf,Weekly Fiscal Developments -  as at 06 January 2022.pdf,published,,2026-10-05T21:49:32+00:00
2022-01-13,https://www.finance.gov.mv/public/attachments/r3ZGEWxNc61TB54P2EOYZnonDDtRBwm0rWhjqdS3.pdf,Weekly Fiscal Developments -  as at 13 January 2022.pdf,published,,2026-10-05T21:49:32+00:00
2022-01-20,https://www.finance.gov.mv/public/attachments/fySjNGtRB6ZrsprV9iaqDUROlN8wVYAQ8MnvLAll.pdf,Weekly Fiscal Developments -  as at 20 January 2022.pdf,published,,2026-10-05T21:49:32+00:00
2022-01-27,https://www.finance.gov.mv/public/attachments/Ed5Nk0giZjtf2sUMxWaGqr36FKkRlzbLu8XVBhXs.pdf,Weekly Fiscal Developments -  as at 27 January 2022.pdf,published,,2026-10-05T21:49:32+00:00
2022-02-03,https://www.finance.gov.mv/public/attachments/jpTMjQmQu8gk4uPBta4OFaTPjUmyvrfl5vnmortB.pdf,Weekly Fiscal Developments -  as at 03 February 2022.pdf,published,,2026-10-05T21:49:32+00:00
2022-02-10,https://www.finance.gov.mv/public/attachments/QbK4nQBB2slNoSg7hUDHfzoN55d8sJ7Kga4SzD7y.pdf,Weekly Fiscal Developments -  as at 10 February 2022.pdf,published,,2026-10-05T21:49:32+00:00
2022-02-17,https://www.finance.gov.mv/public/attachments/d2rPgi3s2hXHIXao9m850qeW9vixiZcAkAJlqMFE.pdf,Weekly Fiscal Developments -  as at 17 February 2022.pdf,published,,2026-10-05T21:49:32+00:00
2022-02-24,https://www.finance.gov.mv/public/attachments/WuO4c1Jlaiit8eY8tXdo01UauYxj9sSUZFP3HmEE.pdf,Weekly Fiscal Developments -  as at 24 February 2022.pdf,published,,2026-10-05T21:49:32+00:00
2022-03-03,https://www.finance.gov.mv/public/attachments/d9UBVUbKY7x7RuSAwvUNsK46aTO9HKxQyCKff0WB.pdf,Weekly Fiscal Developments -  as at 03 March 2022.pdf,published,,2026-10-05T21:49:32+00:00
2022-03-10,https://www.finance.gov.mv/public/attachments/slCcrALvUEnPhzC1ENysttTjBUU2DUcRPsNZHAzK.pdf,Weekly Fiscal Developments -  as at 10 March 2022.pdf,published,,2026-10-05T21:49:32+00:00
2022-03-17,https://www.finance.gov.mv/public/attachments/Wd90fSyGwmO6nrPup6wZuc7r9REcX7ZIu3fUIiBb.pdf,Weekly Fiscal Developments -  as at 17 March 2022.pdf,published,,2026-10-05T21:49:32+00:00
2022-03-24,https://www.finance.gov.mv/public/attachments/iq0m0OXsdw87HjUkf4TrAPhM8Dn6ORjqWlI9wwrD.pdf,Weekly Fiscal Developments -  as at 24 March 2022.pdf,published,,2026-10-05T21:49:32+00:00
2022-03-31,https://www.finance.gov.mv/public/attachments/Clq9lNTHQu7JE1Lks9wiGYrEKEvuMy1YszXLuOiL.pdf,Weekly Fiscal Developments -  as at 31 March 2022.pdf,published,,2026-10-05T21:49:32+00:00
2022-04-07,https://www.finance.gov.mv/public/attachments/rXH8cW5CFXYY9FDhLQroK7vwp1FtVIwKJD5U0g8m.pdf,Weekly Fiscal Developments -  as at 07 April 2022.pdf,published,,2026-10-05T21:49:32+00:00
2022-04-14,https://www.finance.gov.mv/public/attachments/G0uWxf6VrGXGUhD2hHEFPVflVhPNIIJ5uyOTjglk.pdf,Weekly Fiscal Developments -  as at 14 April 2022.pdf,published,,2026-10-05T21:49:32+00:00
2022-04-21,https://www.finance.gov.mv/public/attachments/4H4jfbRl1njrljaFQzcT4j0esNTXFum6KH3NBrXI.pdf,Weekly Fiscal Developments -  as at 21 April 2022.pdf,published,,2026-10-05T21:49:32+00:00
2022-04-28,https://www.finance.gov.mv/public/attachments/P4q3UADv4pCfoi4k5WAtIna4WV1UpRAQsxyOWQkN.pdf,Weekly Fiscal Developments -  as at 28 April 2022.pdf,published,,2026-10-05T21:49:32+00:00
2022-05-12,https://www.finance.gov.mv/public/attachments/SiJSjW87Vx6yEKtFj0SwcHdIBG7vK07SJXUTHZh5.pdf,Weekly Fiscal Developments -  as at 12 May 2022.pdf,published,,2026-10-05T21:49:32+00:00
2022-05-19,https://www.finance.gov.mv/public/attachments/V6LZlnxlwvCGUWlX4PVWHFY4BWsG1dM4hywlN4YG.pdf,Weekly Fiscal Developments -  as at 19 May 2022.pdf,published,,2026-10-05T21:49:32+00:00
2022-05-26,https://www.finance.gov.mv/public/attachments/4EvgJwTsYhUlK0v8DUDYliaI4bBKDG2QttzR28Al.pdf,Weekly Fiscal Developments -  as at 26 May 2022.pdf,published,,2026-10-05T21:49:32+00:00
2022-06-02,https://www.finance.gov.mv/public/attachments/ZPDP0qNWYs6d5dfNAbzTYfy66xmQItGaEDuasEz5.pdf,Weekly Fiscal Developments -  as at 02 June 2022.pdf,published,,2026-10-05T21:49:32+00:00
2022-06-09,https://www.finance.gov.mv/public/attachments/nLhjPK2bXyfeLnsTGSeC2cpevDlIhERj50arc5R6.pdf,Weekly Fiscal Developments -  as at 09 June 2022.pdf,published,,2026-10-05T21:49:32+00:00
2022-06-16,https://www.finance.gov.mv/public/attachments/4PRXlHWUmyhiGdfC2jTslkWPsVLKfqKmDK561BWU.pdf,Weekly Fiscal Developments -  as at 16 June 2022.pdf,published,,2026-10-05T21:49:32+00:00
2022-06-23,https://www.finance.gov.mv/public/attachments/GpJyy4IfWRYVGub3xs8ljYuH7mYRfHrSawMKzGsV.pdf,Weekly Fiscal Developments -  as at 23 June 2022.pdf,published,,2026-10-05T21:49:32+00:00
2022-06-30,https://www.finance.gov.mv/public/attachments/U6lRfmzbbhvaAVgfbzeIVRxvYRebll6GTRZBP3wU.pdf,Weekly Fiscal Developments -  as at 30 June 2022.pdf,published,,2026-10-05T21:49:32+00:00
2022-07-14,https://www.finance.gov.mv/public/attachments/6pSGqOxFJYBPf4pWmzavPzw6ANTa1OrJo6Yx0sl5.pdf,Weekly Fiscal Developments -  as at 14 July 2022.pdf,published,,2026-10-05T21:49:32+00:00
2022-07-21,https://www.finance.gov.mv/public/attachments/QZnjKgjVIjlihehSIetOLgp96oOVOeCpz3RxEYJd.pdf,Weekly Fiscal Developments -  as at 21 July 2022.pdf,published,,2026-10-05T21:49:32+00:00
2022-07-28,https://www.finance.gov.mv/public/attachments/f2gFVbsAkesUE65PpN8qj7A4C7W1k9W65R93BoZA.pdf,Weekly Fiscal Developments -  as at 28 July 2022.pdf,published,,2026-10-05T21:49:32+00:00
2022-08-04,https://www.finance.gov.mv/public/attachments/km1ogG2qkTeEUNo8xlaZi9sjy046CQejZvq6k9uB.pdf,Weekly Fiscal Developments -  as at 04 August 2022.pdf,published,,2026-10-05T21:49:32+00:00
2022-08-11,https://www.finance.gov.mv/public/attachments/btGN8rKDRoQQ4s0rPBgtC85r34LRD6h7l8LZU8zM.pdf,Weekly Fiscal Developments -  as at 11 August 2022.pdf,published,,2026-10-05T21:49:32+00:00
2022-08-18,https://www.finance.gov.mv/public/attachments/1WaSeVTb4wiZVnpMVxmPkBRgbzQrF3cJOjvCvxZj.pdf,Weekly Fiscal Developments -  as at 18 August 2022.pdf,published,,2026-10-05T21:49:32+00:00
2022-08-25,https://www.finance.gov.mv/public/attachments/OTMJIG08ba1jiAorRblwR71lu1VdrI2ny9ly73UB.pdf,Weekly Fiscal Developments -  as at 25 August 2022.pdf,published,,2026-10-05T21:49:32+00:00
2022-09-01,https://www.finance.gov.mv/public/attachments/uIrsBI5MKfVkeJXYjLvyXukWrRl73SjqlhfYM3J1.pdf,Weekly Fiscal Developments -  as at 01 September 2022.pdf,published,,2026-10-05T21:49:32+00:00
2022-09-08,https://www.finance.gov.mv/public/attachments/rQvvdhA2TRC3tlKLdLFxtv2JGaEUsFNOLCvyq2XT.pdf,Weekly Fiscal Developments -  as at 08 September 2022.pdf,published,,2026-10-05T21:49:32+00:00
2022-09-15,https://www.finance.gov.mv/public/attachments/3lCscQZLq1nHo7e42e2gWGktXgQzBvF53Aic7REu.pdf,Weekly Fiscal Developments -  as at 15 September 2022.pdf,published,,2026-10-05T21:49:32+00:00
2022-09-22,https://www.finance.gov.mv/public/attachments/jxydHZRhWic5X8NqL9VyDerYJeWLN7gIZWUKldrT.pdf,Weekly Fiscal Developments -  as at 22 September 2022.pdf,published,note: the report itself says 'as at 2022-09-27',2026-10-05T21:49:32+00:00
2022-09-29,https://www.finance.gov.mv/public/attachments/huB2d4VG81sNvcEdUNEuPmhHFUgpvcbAME7boMx2.pdf,Weekly Fiscal Developments -  as at 29 September 2022.pdf,published,,2026-10-05T21:49:32+00:00
2022-10-06,https://www.finance.gov.mv/public/attachments/jGkwV0IftrSsSmD2S2H4q8M88DdLYuOVIa6eNNeY.pdf,Weekly Fiscal Developments -  as at 06 October 2022.pdf,published,,2026-10-05T21:49:32+00:00
2022-10-13,https://www.finance.gov.mv/public/attachments/WADuAPbiee3GqDMMtFxdMmlqudBFuk4dtynkWFhp.pdf,Weekly Fiscal Developments -  as at 13 October 2022.pdf,published,,2026-10-05T21:49:32+00:00
2022-10-20,https://www.finance.gov.mv/public/attachments/sT7LRCCcwZf8xlUCdqHeTwSQcdonMFdCnuKfssig.pdf,Weekly Fiscal Developments -  as at 20 October 2022.pdf,published,,2026-10-05T21:49:32+00:00
2022-10-27,https://www.finance.gov.mv/public/attachments/nFkWa95whnZuf7Fa74YFkw3FkfdSBufK4jGk21k9.pdf,Weekly Fiscal Developments -  as at 27 October 2022.pdf,published,,2026-10-05T21:49:32+00:00
2022-11-03,https://www.finance.gov.mv/public/attachments/1drxX5O1GK5eJeHJPjuWtwPFvms5jfCaCAgxmjV5.pdf,Weekly Fiscal Developments -  as at 03 November 2022.pdf,published,note: the report itself says 'as at 2022-11-02',2026-10-05T21:49:32+00:00
2022-11-10,https://www.finance.gov.mv/public/attachments/JjVADOdOjVGCLFDKJLEgzsjx2WfCVZCbqXxbivno.pdf,Weekly Fiscal Developments -  as at 10 November 2022.pdf,published,,2026-10-05T21:49:32+00:00
2022-11-17,https://www.finance.gov.mv/public/attachments/5m98i3Iz1SynyDQh2qt2K30AUiIG2WIPFnusmpsW.pdf,Weekly Fiscal Developments -  as at 17 November 2022.pdf,published,,2026-10-05T21:49:32+00:00
2022-11-24,https://www.finance.gov.mv/public/attachments/z9YNcWrzdmMeWdTdZ4owKy01x2QsOR9n69SyiLiO.pdf,Weekly Fiscal Developments -  as at 24 November 2022.pdf,published,,2026-10-05T21:49:32+00:00
2022-12-01,https://www.finance.gov.mv/public/attachments/AdvJ2u7LaXu2pFvyqmgKstgkgBk6KmSwyORXul8g.pdf,Weekly Fiscal Developments -  as at 01 December 2022.pdf,published,,2026-10-05T21:49:32+00:00
2022-12-08,https://www.finance.gov.mv/public/attachments/cl0TqtAJ8eqHbl0SGSNBnSqEYVkmHbTLyg07WF99.pdf,Weekly Fiscal Developments -  as at 08 December 2022.pdf,published,,2026-10-05T21:49:32+00:00
2022-12-15,https://www.finance.gov.mv/public/attachments/nag8c1CdcZNYnLuN72PYujChxKdTQ8GFq1csBaWX.pdf,Weekly Fiscal Developments -  as at 15 December 2022.pdf,published,,2026-10-05T21:49:32+00:00
2022-12-22,https://www.finance.gov.mv/public/attachments/2t34c9RRdMe8F1NeR8ICbrtFwNNNUswUSvLdcflO.pdf,Weekly Fiscal Developments -  as at 22 December 2022.pdf,published,,2026-10-05T21:49:32+00:00
2022-12-29,https://www.finance.gov.mv/public/attachments/N2ADThAKZbc0DTSOVEnpLrkkO5yC7TDWVtnKBOGR.pdf,Weekly Fiscal Developments -  as at 29 December 2022 (Revised).pdf,published,,2026-10-05T21:49:32+00:00
2023-01-05,https://www.finance.gov.mv/public/attachments/38X1JaDAHlUcGi6QCMhUsd66PvRoeA7WnWE9pYq4.pdf,Weekly Fiscal Developments -  as at 05 January 2023 (Revised).pdf,published,,2026-10-05T21:49:32+00:00
2023-01-12,https://www.finance.gov.mv/public/attachments/2ZumjbXlsnC0baM6d0cMfN4XE0Sjy9dFD0ei1BB8.pdf,Weekly Fiscal Developments -  as at 12 January 2023.pdf,published,,2026-10-05T21:49:32+00:00
2023-01-19,https://www.finance.gov.mv/public/attachments/rtYVOZiGNa1RgIc4WF59suo0zXVBhcN38xmv8Wc7.pdf,Weekly Fiscal Developments -  as at 19 January 2023.pdf,published,,2026-10-05T21:49:32+00:00
2023-01-26,https://www.finance.gov.mv/public/attachments/sO2ryhtmn4hAJtjn8f8VzBjbaQEJJCRc2tAODJG0.pdf,Weekly Fiscal Developments -  as at 26 January 2023.pdf,published,,2026-10-05T21:49:32+00:00
2023-02-02,https://www.finance.gov.mv/public/attachments/7Iwx7OUaMfJVJSWrCE30GPIzqK9RFwWuhyCfZhJJ.pdf,Weekly Fiscal Developments - as at 02 February 2023.pdf,published,,2026-10-05T21:49:32+00:00
2023-02-09,https://www.finance.gov.mv/public/attachments/xOzLIgmC97IzxuTertOFB7YT1QQNOg8dTHEOOQQE.pdf,Weekly Fiscal Developments - as at 09 February 2023.pdf,published,,2026-10-05T21:49:32+00:00
2023-02-16,https://www.finance.gov.mv/public/attachments/phol07Kjhet39CjfjDSaQNHOLb74ONckz6ok7Hz3.pdf,Weekly Fiscal Developments - as at 16 February 2023.pdf,published,,2026-10-05T21:49:32+00:00
2023-02-23,https://www.finance.gov.mv/public/attachments/gqkv7Sqwz2Uig6XavTXGn2H8dPMju2134T7ZYeoD.pdf,Weekly Fiscal Developments - as at 23 February 2023.pdf,published,,2026-10-05T21:49:32+00:00
2023-03-02,https://www.finance.gov.mv/public/attachments/K1hMPtpLTozrGF0rNeyY1B8aVvMgMrZKAfWhqydD.pdf,Weekly Fiscal Developments - as at 02 March 2023.pdf,published,,2026-10-05T21:49:32+00:00
2023-03-09,https://www.finance.gov.mv/public/attachments/TazYpBm0Fye5Ik730uG1pQha2VY3V8UAL0YveRDM.pdf,Weekly Fiscal Developments - as at 09 March 2023.pdf,published,,2026-10-05T21:49:32+00:00
2023-03-16,https://www.finance.gov.mv/public/attachments/2cVwzJYkiUaK1IqByS7YkMwWsTaxzdIiacYJxqyR.pdf,Weekly Fiscal Developments - as at 16 March 2023.pdf,published,,2026-10-05T21:49:32+00:00
2023-03-23,https://www.finance.gov.mv/public/attachments/8xHdAea33fNezenLV7z3PDjnfxIEqwOulNnxUthy.pdf,Weekly Fiscal Developments - as at 23 March 2023.pdf,published,,2026-10-05T21:49:32+00:00
2023-03-30,https://www.finance.gov.mv/public/attachments/Hfa8GoDqyw100u0P98RhNmEKKAmYJ6vU6ICsRtJI.pdf,Weekly Fiscal Developments - as at 30 March 2023.pdf,published,,2026-10-05T21:49:32+00:00
2023-04-06,https://www.finance.gov.mv/public/attachments/3DfE5O2p2nvqysoXNolzdMhG5tgyXjeHW30Np9ev.pdf,Weekly Fiscal Developments - as at 06 April 2023.pdf,published,,2026-10-05T21:49:32+00:00
2023-04-13,https://www.finance.gov.mv/public/attachments/joy6KToZYuS577ZhCNEBBgOKve5TfttwmpMdLUbs.pdf,Weekly Fiscal Developments - as at 13 April 2023.pdf,published,,2026-10-05T21:49:32+00:00
2023-04-20,https://www.finance.gov.mv/public/attachments/K6hVJt4SR86iU0gP27KANTF0FdUM8Z72ut217dXW.pdf,Weekly Fiscal Developments - as at 20 April 2023.pdf,published,,2026-10-05T21:49:32+00:00
2023-04-27,https://www.finance.gov.mv/public/attachments/5aQBzTlOK9jE5J36wW0Bv8koTAppcH7Yeaar9y92.pdf,Weekly Fiscal Developments - as at 27 April 2023.pdf,published,,2026-10-05T21:49:32+00:00
2023-05-04,https://www.finance.gov.mv/public/attachments/ZpapmM65D4gUWtCWlE9cke6gtuTT54DaXjb28B35.pdf,Weekly Fiscal Developments - as at 04 May 2023.pdf,published,,2026-10-05T21:49:32+00:00
2023-05-11,https://www.finance.gov.mv/public/attachments/Ii61wqiFlPNFSx8YOSam0oFOV9rlGiwQYHmG1hir.pdf,Weekly Fiscal Developments - as at 11 May 2023.pdf,published,,2026-10-05T21:49:32+00:00
2023-05-18,https://www.finance.gov.mv/public/attachments/yy9RxWLlACq6zXgwpZCbG7iv7Ul6RGtDiwoibcsc.pdf,Weekly Fiscal Developments - as at 18 May 2023.pdf,published,,2026-10-05T21:49:32+00:00
2023-05-25,https://www.finance.gov.mv/public/attachments/PxaMW8r1ilmjfVY1WJo4mwobMK0spTaSY16ItSs6.pdf,Weekly Fiscal Developments - as at 25 May 2023.pdf,published,,2026-10-05T21:49:32+00:00
2023-06-01,https://www.finance.gov.mv/public/attachments/JZAWMLrARwhECintNmOIJhf2bIJMIIQobml7IIll.pdf,Weekly Fiscal Developments - as at 01 June 2023.pdf,published,,2026-10-05T21:49:32+00:00
2023-06-08,https://www.finance.gov.mv/public/attachments/gTX4AuxlOciZcU3ht4ss7bMTkO76PA7EtToX6CG8.pdf,Weekly Fiscal Developments - as at 08 June 2023.pdf,published,,2026-10-05T21:49:32+00:00
2023-06-15,https://www.finance.gov.mv/public/attachments/Jfh6eUnUx1BkErx4u7tn1JQXOm20TyTAW2oLwBEc.pdf,Weekly Fiscal Developments - as at 15 June 2023.pdf,published,,2026-10-05T21:49:32+00:00
2023-06-22,https://www.finance.gov.mv/public/attachments/zUaKkutBqaGStERvvtU70nJVcj6SSm9VL0EzYF2f.pdf,Weekly Fiscal Developments - as at 22 June 2023.pdf,published,,2026-10-05T21:49:32+00:00
2023-07-06,https://www.finance.gov.mv/public/attachments/1CmrfVvspI8Qa283CT07k32wTy82xlseVm3b6p7X.pdf,Weekly Fiscal Developments - as at 06 July 2023.pdf,published,,2026-10-05T21:49:32+00:00
2023-07-13,https://www.finance.gov.mv/public/attachments/Hyl2gfswieHXkIeKtN4uPK75ksmOqoyQ9umYPZTD.pdf,Weekly Fiscal Developments - as at 13 July 2023.pdf,published,,2026-10-05T21:49:32+00:00
2023-07-20,https://www.finance.gov.mv/public/attachments/nwHM5Uz1ccbjEbng4aYYgskMG43OSLisPMRCJSU6.pdf,Weekly Fiscal Developments - as at 20 July 2023.pdf,published,,2026-10-05T21:49:32+00:00
2023-07-27,https://www.finance.gov.mv/public/attachments/Wzzw3sWzstNxsY7vxnhWPm31KAHCG4wiol6bVpBN.pdf,Weekly Fiscal Developments - as at 27 July 2023.pdf,published,,2026-10-05T21:49:32+00:00
2023-08-03,https://www.finance.gov.mv/public/attachments/t0oS3hyHRcs0yMlsQdFsaqELCcnEiqOzzlzTOoIU.pdf,Weekly Fiscal Developments - as at 03 August 2023.pdf,published,,2026-10-05T21:49:32+00:00
2023-08-10,https://www.finance.gov.mv/public/attachments/UjkoVauNPZr4LvjbB6ijOUSuvmrJ4d1GoRvugyIi.pdf,Weekly Fiscal Developments - as at 10 August 2023 (Revised).pdf,published,,2026-10-05T21:49:32+00:00
2023-08-17,https://www.finance.gov.mv/public/attachments/WUlBp7okMkign9Y1ZRkSoDLh2vIjjRZ79AwHrhoT.pdf,Weekly Fiscal Developments - as at 17 August 2023.pdf,published,,2026-10-05T21:49:32+00:00
2023-08-24,https://www.finance.gov.mv/public/attachments/xO2XjybjaPuY3WfFFdV5VlbdKPHxDrEYyYTXkoUe.pdf,Weekly Fiscal Developments - as at 24 August 2023.pdf,published,,2026-10-05T21:49:32+00:00
2023-08-31,https://www.finance.gov.mv/public/attachments/N3v5pbUtTtkuuW2LrUteJwDOpDm0AbSE3dMP26TR.pdf,Weekly Fiscal Developments - as at 31 August 2023.pdf,published,,2026-10-05T21:49:32+00:00
2023-09-07,https://www.finance.gov.mv/public/attachments/jMgS4OPQfuZV4bLBEe4UZtsRECxZEbal6DBZqy9v.pdf,Weekly Fiscal Developments - as at 07 September 2023.pdf,published,,2026-10-05T21:49:32+00:00
2023-09-14,https://www.finance.gov.mv/public/attachments/MYyCdc3JQXx2YNK9ToyLzRDvUmSxU6VyYCXO6gMf.pdf,Weekly Fiscal Developments - as at 14 September 2023.pdf,published,,2026-10-05T21:49:32+00:00
2023-09-21,https://www.finance.gov.mv/public/attachments/oYdHxY995iKtuRiNTwIkgHXEs39fVSPqnGgIB8HD.pdf,Weekly Fiscal Developments - as at 21 September 2023.pdf,published,,2026-10-05T21:49:32+00:00
2023-09-28,https://www.finance.gov.mv/public/attachments/4T6C4Y6OLZ6uuJvbhPPWgOjncdMb5SWsT0ndnrbr.pdf,Weekly Fiscal Developments - as at 28 September 2023.pdf,published,,2026-10-05T21:49:32+00:00
2023-10-05,https://www.finance.gov.mv/public/attachments/CXU9zl5Tpul60tdZOhF0PSWMOF6PYdsJlPqMJ9AG.pdf,Weekly Fiscal Developments - as at 05 October 2023.pdf,published,,2026-10-05T21:49:32+00:00
2023-10-12,https://www.finance.gov.mv/public/attachments/sas1RdpIVAyxVZb9o9m0yfrWOV4FZ2NSbvSXVpKB.pdf,Weekly Fiscal Developments - as at 12 October 2023.pdf,published,,2026-10-05T21:49:32+00:00
2023-10-19,https://www.finance.gov.mv/public/attachments/hsuErrvu6h631aDny7MEtWKLKbiF23Umwa7qOzOI.pdf,Weekly Fiscal Developments - as at 19 October 2023.pdf,published,,2026-10-05T21:49:32+00:00
2023-10-26,https://www.finance.gov.mv/public/attachments/oQbuoytkmcWSts1WECgXPcDoKhEAm304Wyeg7R3R.pdf,Weekly Fiscal Developments - as at 26 October 2023.pdf,published,,2026-10-05T21:49:32+00:00
2023-11-02,https://www.finance.gov.mv/public/attachments/vicg1nCZSqF2YvAiYUZRVyFZ2Sn69TFMxujQ5IKU.pdf,Weekly Fiscal Developments - as at 02 November 2023.pdf,published,,2026-10-05T21:49:32+00:00
2023-11-09,https://www.finance.gov.mv/public/attachments/MxmkqteQzXbV4DuKpO2Up5dHlWz5AB9UubgHQhgs.pdf,Weekly Fiscal Developments - as at 09 November 2023.pdf,published,,2026-10-05T21:49:32+00:00
2023-11-16,https://www.finance.gov.mv/public/attachments/X2triDXiwPrpYFam91yLzt6Xj0rKmnW28kWvrVf4.pdf,Weekly Fiscal Developments - as at 16 November 2023.pdf,published,,2026-10-05T21:49:32+00:00
2023-11-23,https://www.finance.gov.mv/public/attachments/13ePSSZx7VnaXokqZlMiNaigiBwO3IMbmdJ0WcE6.pdf,Weekly Fiscal Developments - as at 23 November 2023.pdf,published,,2026-10-05T21:49:32+00:00
2023-11-30,https://www.finance.gov.mv/public/attachments/CvtfM0eu2h5VS23pJOAdd8JMyG2aO9QDhHVu3BGy.pdf,Weekly Fiscal Developments - as at 30 November 2023.pdf,published,,2026-10-05T21:49:32+00:00
2023-12-07,https://www.finance.gov.mv/public/attachments/QYu5bzXZ4wmy0WionAG1AUH0ZcoazFJOPJeEbILU.pdf,Weekly Fiscal Developments - as at 07 December 2023.pdf,published,,2026-10-05T21:49:32+00:00
2023-12-14,https://www.finance.gov.mv/public/attachments/ZaMqUmCyiaCEA7PsAnjrYqPr2JahEAaUjIUgtmRf.pdf,Weekly Fiscal Developments - as at 14 December 2023.pdf,published,,2026-10-05T21:49:32+00:00
2023-12-21,https://www.finance.gov.mv/public/attachments/ihBQcaXn3bZk7mu53kmqw1L32MpfoLArx9S2hIk8.pdf,Weekly Fiscal Developments - as at 21 December 2023.pdf,published,,2026-10-05T21:49:32+00:00
2023-12-28,https://www.finance.gov.mv/public/attachments/a3mREbbnTPURTk0GQJ2xJff52K1lVBIJYht8wYXl.pdf,Weekly Fiscal Developments - as at 28 December 2023.pdf,published,,2026-10-05T21:49:32+00:00
2024-01-04,https://www.finance.gov.mv/public/attachments/hv3FzSkJwgSmURooUI8FdyHZXKVka5SWqU6ZzoPi.pdf,Weekly Fiscal Developments - as at 04 January 2024.pdf,published,,2026-10-05T21:49:32+00:00
2024-01-11,https://www.finance.gov.mv/public/attachments/WpFzpe8kEIE5MqDWA7DsdSKwyRrYSeBKqMvAtrwp.pdf,Weekly Fiscal Developments - as at 11 January 2024.pdf,published,,2026-10-05T21:49:32+00:00
2024-01-18,https://www.finance.gov.mv/public/attachments/RhmADqsArBy6AQNc3vEI9W0cR2nP60ZLFkixVHMt.pdf,Weekly Fiscal Developments - as at 18 January 2024.pdf,published,,2026-10-05T21:49:32+00:00
2024-01-25,https://www.finance.gov.mv/public/attachments/KuPeOL2w58MREL2cMj061bKHgZDdARhwRnV5jKm0.pdf,Weekly Fiscal Developments - as at 25 January 2024.pdf,published,,2026-10-05T21:49:32+00:00
2024-02-01,https://www.finance.gov.mv/public/attachments/gF3yFXxwimBlksXsuUF6YJcbiMbEtykQcHryc02t.pdf,Weekly Fiscal Developments - as at 01 February 2024.pdf,published,,2026-10-05T21:49:32+00:00
2024-02-08,https://www.finance.gov.mv/public/attachments/ZWmmz0DVUW55p2nZdDDlgZJNYLe2Dp0GgvuDh0zD.pdf,Weekly Fiscal Developments - as at 08 February 2024.pdf,published,,2026-10-05T21:49:32+00:00
2024-02-15,https://www.finance.gov.mv/public/attachments/rhzb1cN05CW831NV6IoEkEWXK7n3uP9nbxEraSc0.pdf,Weekly Fiscal Developments - as at 15 February 2024.pdf,published,,2026-10-05T21:49:32+00:00
2024-02-22,https://www.finance.gov.mv/public/attachments/HmfQ3WXsDXU89MRaAwdHrVU2ooie4gH5ucQmJZrO.pdf,Weekly Fiscal Developments - as at 22 February 2024.pdf,published,,2026-10-05T21:49:32+00:00
2024-02-29,https://www.finance.gov.mv/public/attachments/K2CytlB5zYSCcdA0s26UgtxMqyNbiWtFUphy6wxW.pdf,Weekly Fiscal Developments - as at 29 February 2024.pdf,published,,2026-10-05T21:49:32+00:00
2024-03-07,https://www.finance.gov.mv/public/attachments/m4kFprT86VByjHRTwFLCioJxjUki1Z133f9MDumT.pdf,Weekly Fiscal Developments - as at 07th March 2024.pdf,published,,2026-10-05T21:49:32+00:00
2024-03-14,https://www.finance.gov.mv/public/attachments/bvkm5r5aEQYnF9pLg0sOoo0REQBghCEyQ0LnORX8.pdf,Weekly Fiscal Developments - as at 14th March (Revised).pdf,published,,2026-10-05T21:49:32+00:00
2024-03-21,https://www.finance.gov.mv/public/attachments/7qCZ3VDIW8KPf2OlI5Epns3QT1R16ov4hXBFzc9k.pdf,Weekly Fiscal Developments - as at 21st March (Revised).pdf,published,,2026-10-05T21:49:32+00:00
2024-03-28,https://www.finance.gov.mv/public/attachments/wjIJ8iQkf2Wrgaya9dr14jSKO6ApRPf2uxvPfrXP.pdf,Weekly Fiscal Developments - as at 28 March 2024.pdf,published,,2026-10-05T21:49:32+00:00
2024-04-11,https://www.finance.gov.mv/public/attachments/vTwexm0cuw1WOoZttJQ4bNhZcmvrgeOJ7oEzZjzC.pdf,Weekly Fiscal Developments - as at 11 April 2024.pdf,published,,2026-10-05T21:49:32+00:00
2024-04-18,https://www.finance.gov.mv/public/attachments/7YDwLQot1IZ5kFbOBwqajSZ9PTHImaEZcUFWxGgc.pdf,Weekly Fiscal Developments - as at 18 April 2024.pdf,published,,2026-10-05T21:49:32+00:00
2024-04-25,https://www.finance.gov.mv/public/attachments/byc6co1rDy7rpbcUgum0bPdgQLac3wTMPecaf1lN.pdf,Weekly Fiscal Developments - as at 25 April 2024.pdf,published,,2026-10-05T21:49:32+00:00
2024-05-02,https://www.finance.gov.mv/public/attachments/ZUes4hIQ2QajgfSDqcr0bjL8AWPbp2tAthGYkq6D.pdf,Weekly Fiscal Developments - as at 02 May 2024.pdf,published,,2026-10-05T21:49:32+00:00
2024-05-09,https://www.finance.gov.mv/public/attachments/UH5nQADwseg4EDSsOUkfZaNuibhEMwuz5UkSSRYL.pdf,Weekly Fiscal Developments - as at 09 May 2024.pdf,published,,2026-10-05T21:49:32+00:00
2024-05-16,https://www.finance.gov.mv/public/attachments/OphgTyoLOJp7kMoVZfB7lBcumRfoNyJl6qCWZlxE.pdf,Weekly Fiscal Developments - as at 16 May 2024.pdf,published,,2026-10-05T21:49:32+00:00
2024-05-23,https://www.finance.gov.mv/public/attachments/7voiCID2jrpun46QT4aqN0nfmnhC548SUcN4HRf4.pdf,Weekly Fiscal Developments - as at 23 May 2024.pdf,published,,2026-10-05T21:49:32+00:00
2024-05-30,https://www.finance.gov.mv/public/attachments/CociVv62SuMeJMrF6ibctzGMEiWTGZFFlCCppUWo.pdf,Weekly Fiscal Developments - as at 30 May 2024.pdf,published,,2026-10-05T21:49:32+00:00
2024-06-06,https://www.finance.gov.mv/public/attachments/g9WWNHC0KbToMhugHzGbS7IjBTAebuWLz4ZHGldB.pdf,Weekly Fiscal Developments - as at 06 June 2024.pdf,published,,2026-10-05T21:49:32+00:00
2024-06-20,https://www.finance.gov.mv/public/attachments/B4tYLMziaLSkSpYcUZeWcWRpfVQLuOkWQ3IySvks.pdf,Weekly Fiscal Developments - as at 20 June 2024.pdf,published,,2026-10-05T21:49:32+00:00
2024-06-27,https://www.finance.gov.mv/public/attachments/RnkpH6rBxAtYtl12TFTuWWWlk5E09dnCr9C7LqSG.pdf,Weekly Fiscal Developments - as at 27 June 2024.pdf,published,,2026-10-05T21:49:32+00:00
2024-07-04,https://www.finance.gov.mv/public/attachments/JI1SqpxXbCaR5sVo2W7dZkbHLS2bTFInVFGSsVVM.pdf,Weekly Fiscal Developments - as at 04 July 2024.pdf,published,,2026-10-05T21:49:32+00:00
2024-07-11,https://www.finance.gov.mv/public/attachments/QAY5iMche4vs3iUj3FfOfnk99dukh1zzr8YNj6Jr.pdf,Weekly Fiscal Developments - as at 11 July 2024.pdf,published,,2026-10-05T21:49:32+00:00
2024-07-18,https://www.finance.gov.mv/public/attachments/8SqC7qCkhkBtifTOsvRm8Osl3sGaoeO2oZrGzO7W.pdf,Weekly Fiscal Developments - as at 18 July 2024.pdf,published,,2026-10-05T21:49:32+00:00
2024-07-25,https://www.finance.gov.mv/public/attachments/suPPan4EhS1mGXhXIw4h7N261LX46jOZ3pdjoYUL.pdf,Weekly Fiscal Developments - as at 25 July 2024.pdf,published,,2026-10-05T21:49:32+00:00
2024-08-01,https://www.finance.gov.mv/public/attachments/Pd1z8Ns0Ly27ojyrmFWlqSTRgXKEYkEFpZa0OWrK.pdf,Weekly Fiscal Developments - as at 01 August 2024.pdf,published,,2026-10-05T21:49:32+00:00
2024-08-08,https://www.finance.gov.mv/public/attachments/1wu0UzCf5tvNSykA464mdONqjMmDlH6Hhdx0k3pM.pdf,Weekly Fiscal Developments - as at 08 August 2024.pdf,published,,2026-10-05T21:49:32+00:00
2024-08-15,https://www.finance.gov.mv/public/attachments/luphb22Bl5u7KZCZOd4S0siDSgn3fA6S57O06h0g.pdf,Weekly Fiscal Developments - as at 15 August 2024.pdf,published,,2026-10-05T21:49:32+00:00
2024-08-22,https://www.finance.gov.mv/public/attachments/TRhjVTRq0Ses17Pl0JKMeVPeebmOG1QB7Br0bRwm.pdf,Weekly Fiscal Developments - as at 22 August 2024.pdf,published,,2026-10-05T21:49:32+00:00
2024-08-29,https://www.finance.gov.mv/public/attachments/bGxLagVkN2hBzcfIyLvsqd4cl7ZbZb2QBA1Rlrat.pdf,Weekly Fiscal Developments - as at 29 August 2024.pdf,published,,2026-10-05T21:49:32+00:00
2024-09-05,https://www.finance.gov.mv/public/attachments/a5nc7ATk4jqH2qeGBL0AcabteWq3xnBdSq2v0rAO.pdf,Weekly Fiscal Developments - as at 05 September 2024.pdf,published,,2026-10-05T21:49:32+00:00
2024-09-12,https://www.finance.gov.mv/public/attachments/ODXKHLJga4aAvS0cKDuwhtLU7OUersewrZgwREyx.pdf,Weekly Fiscal Developments - as at 12 September 2024.pdf,published,,2026-10-05T21:49:32+00:00
2024-09-19,https://www.finance.gov.mv/public/attachments/D9PpSMra0zN1d1F3MnbArZsrt51Ybi5edfvLjtUB.pdf,Weekly Fiscal Developments - as at 19 September 2024.pdf,published,,2026-10-05T21:49:32+00:00
2024-09-26,https://www.finance.gov.mv/public/attachments/yBYye6vPFVjnGBY53gPe8x453QGcmENNFRXMWzIp.pdf,Weekly Fiscal Developments - as at 26 September 2024.pdf,published,,2026-10-05T21:49:32+00:00
2024-10-03,https://www.finance.gov.mv/public/attachments/uhW4XAQ6RgnLNXH1yPPF0STERbF6qBYF8isVzNuC.pdf,Weekly Fiscal Developments - as at 03 October 2024.pdf,published,,2026-10-05T21:49:32+00:00
2024-10-10,https://www.finance.gov.mv/public/attachments/NUS0wPZelmpzwnjQBe6InfQlFrtVqE15rx9QG31t.pdf,Weekly Fiscal Developments - as at 10 October 2024.pdf,published,,2026-10-05T21:49:32+00:00
2024-10-17,https://www.finance.gov.mv/public/attachments/lNAnzFsHtKhQRCtINraN6To2Q430w7QHG4cXmzol.pdf,Weekly Fiscal Developments - as at 17 October 2024.pdf,published,,2026-10-05T21:49:32+00:00
2024-10-24,https://www.finance.gov.mv/public/attachments/4XEr6zeHraTGSR0qaIxUIAnl5XfXlBHqghxXlodS.pdf,Weekly Fiscal Developments - as at 24 October 2024.pdf,published,,2026-10-05T21:49:32+00:00
2024-10-31,https://www.finance.gov.mv/public/attachments/1I2ivlxSdZW7OpZqA8rS1wIrqM7FZE9H9M6d5wNR.pdf,Weekly Fiscal Developments - as at 31 October 2024.pdf,published,,2026-10-05T21:49:32+00:00
2024-11-07,https://www.finance.gov.mv/public/attachments/E2UWVD8Vvi99jee3PQV9rCjxBLSJVnN1vHBvpLrr.pdf,Weekly Fiscal Developments - as at 07 November 2024.pdf,published,,2026-10-05T21:49:32+00:00
2024-11-14,https://www.finance.gov.mv/public/attachments/yGIDDNlhjn6J4QN9ai8RB4fRUXcdIo8yLTzb0l4z.pdf,Weekly Fiscal Developments - as at 14 November 2024.pdf,published,,2026-10-05T21:49:32+00:00
2024-11-21,https://www.finance.gov.mv/public/attachments/dicY3QV8IzZSh3Vp3Xge1OsDc1oyw4gfgs6fHz7M.pdf,Weekly Fiscal Developments - as at 21 November 2024.pdf,published,,2026-10-05T21:49:32+00:00
2024-11-28,https://www.finance.gov.mv/public/attachments/yRbuMu7xpRgQnS1HGp8rvbvg9ni9vnbjRsH9bYLK.pdf,Weekly Fiscal Developments - as at 28 November 2024.pdf,published,,2026-10-05T21:49:32+00:00
2024-12-05,https://www.finance.gov.mv/public/attachments/5zKxx6xcHWPJ6hxoma48C33mPnIHDcGNoUjDODZW.pdf,Weekly Fiscal Developments - as at 05 December 2024.pdf,published,,2026-10-05T21:49:32+00:00
2024-12-12,https://www.finance.gov.mv/public/attachments/VHHQrdLPElQ1HxvYnMdS372KAn0AzizxIzm8jZbX.pdf,Weekly Fiscal Developments - as at 12 December 2024.pdf,published,,2026-10-05T21:49:32+00:00
2024-12-19,https://www.finance.gov.mv/public/attachments/x2spVfnOKy5amuA4UPHT9jTbQ4AS5g83ih5y6MTV.pdf,Weekly Fiscal Developments - as at 19 December 2024.pdf,published,,2026-10-05T21:49:32+00:00
2024-12-26,https://www.finance.gov.mv/public/attachments/4Mmu8r41AI5AMswP1aEbao8mhYgt9vnOlPR2wENN.pdf,Weekly Fiscal Developments - as at 26 December 2024.pdf,published,,2026-10-05T21:49:32+00:00
2024-12-31,https://www.finance.gov.mv/public/attachments/9BzeGlLalbvmxfjthxlkGDucA24yUSt0ywz5vZ5b.pdf,Weekly Fiscal Developments - as at 31 December 2024.pdf,published,,2026-10-05T21:49:32+00:00
2025-01-09,https://www.finance.gov.mv/public/attachments/077d06r5nU5W4C3yGpKctB0eMcgBl0pfyVM5srGc.pdf,Weekly Fiscal Developments - as at 9 January 2025.pdf,published,,2026-10-05T21:49:32+00:00
2025-01-16,https://www.finance.gov.mv/public/attachments/JzEaYxEE6Ax4jzwJhrRmUP7yzcL33zLmtDAIs0P2.pdf,Weekly Fiscal Developments - as at 16 January 2025.pdf,published,,2026-10-05T21:49:32+00:00
2025-01-23,https://www.finance.gov.mv/public/attachments/8yW8myQuBloXZtpFKKumZaOrQmM2xflgfKHwre97.pdf,Weekly Fiscal Developments - as at 23 January 2025.pdf,published,,2026-10-05T21:49:32+00:00
2025-01-30,https://www.finance.gov.mv/public/attachments/nX3Iips9oJs6vyfBf66zZawcCwdaNRkSOY3kwVZT.pdf,Weekly Fiscal Developments - as at 30 January 2025.pdf,published,,2026-10-05T21:49:32+00:00
2025-02-06,https://www.finance.gov.mv/public/attachments/s478lf4CRlQaT9yozMXS0s9jeUUWF2ujAJGMiHxO.pdf,Weekly Fiscal Developments - as at 06 February 2025.pdf,published,,2026-10-05T21:49:32+00:00
2025-02-13,https://www.finance.gov.mv/public/attachments/C7STtbygk22fM3FvviL8UESyG2WKRBsa9xHaGa91.pdf,Weekly Fiscal Developments - as at 13 February 2025.pdf,published,,2026-10-05T21:49:32+00:00
2025-02-20,https://www.finance.gov.mv/public/attachments/iHxAL6gK8ErmVQiN9VE7ZUseDJUhZgDAgsf8X70j.pdf,Weekly Fiscal Developments - as at 20 February 2025.pdf,published,,2026-10-05T21:49:32+00:00
2025-02-27,https://www.finance.gov.mv/public/attachments/kRYEoLDdX5LZl9ocI4pseGTfitw3Qj9pIiVnzlDN.pdf,Weekly Fiscal Developments - as at 27 February 2025.pdf,published,,2026-10-05T21:49:32+00:00
2025-03-06,https://www.finance.gov.mv/public/attachments/IP3IXeikYvcjUdUR0qD7exyY2wjnx6mjbaGrTHKh.pdf,Weekly Fiscal Developments - as at 06 March 2025.pdf,published,,2026-10-05T21:49:32+00:00
2025-03-13,https://www.finance.gov.mv/public/attachments/oj6ej9VKo2HpF7RrgHuO2qBN9lLr7vutvu1CCfeE.pdf,Weekly Fiscal Developments - as at 13 March 2025.pdf,published,,2026-10-05T21:49:32+00:00
2025-03-20,https://www.finance.gov.mv/public/attachments/bpFPTQMKwpmoJ743rdYUzmXr17lPvyp5XGFGMZRo.pdf,Weekly Fiscal Developments - as at 20 March 2025.pdf,published,,2026-10-05T21:49:32+00:00
2025-04-10,https://www.finance.gov.mv/public/attachments/5UMJvKcBTcaUFv5ugHaVLyDwFgMWHU8oJRP22oMH.pdf,Weekly Fiscal Developments - as at 10 April 2025.pdf,published,,2026-10-05T21:49:32+00:00
2025-04-17,https://www.finance.gov.mv/public/attachments/umzbDqnYyKRdQNMfGpJOtt5cgDg47OPzcxs8feUt.pdf,Weekly Fiscal Developments - as at 17 April 2025.pdf,published,,2026-10-05T21:49:32+00:00
2025-04-24,https://www.finance.gov.mv/public/attachments/5iKCa3BhgwmsBRyL2wnLLkz0SaeikvHKORHy4V8M.pdf,Weekly Fiscal Developments - as at 24 April 2025.pdf,published,,2026-10-05T21:49:32+00:00
2025-05-01,https://www.finance.gov.mv/public/attachments/hDmMWvQ2sqwj397XD2sscrAl1foQgypgaRoQmVD3.pdf,Weekly Fiscal Developments - as at 01 May 2025.pdf,published,,2026-10-05T21:49:32+00:00
2025-05-08,https://www.finance.gov.mv/public/attachments/BsYFiDhzJniEdTVKOTmn2mkL1F2oRBMXIGVhf6NR.pdf,Weekly Fiscal Developments - as at 08 May 2025.pdf,published,,2026-10-05T21:49:32+00:00
2025-05-15,https://www.finance.gov.mv/public/attachments/uy0G5xHKSl51dzVZOePS6b5yHFAfPxy7XA3mPc9E.pdf,Weekly Fiscal Developments - as at 15 May 2025.pdf,published,,2026-10-05T21:49:32+00:00
2025-05-22,https://www.finance.gov.mv/public/attachments/bwO466NM8aSlnMEkwywGFFLkyQsVeT2FvJ0Iw4a9.pdf,Weekly Fiscal Developments - as at 22 May 2025.pdf,published,,2026-10-05T21:49:32+00:00
2025-05-29,https://www.finance.gov.mv/public/attachments/2OefGU48oTVrMdWFnCuYYSs10E1FKo4xvVjhGV94.pdf,Weekly Fiscal Developments - as at 29 May 2025.pdf,published,,2026-10-05T21:49:32+00:00
2025-06-05,https://www.finance.gov.mv/public/attachments/wlZbf2k6H5CkXdEMg1A7fYAvSW2skdfy6tiHgSkr.pdf,Weekly Fiscal Developments - as at 05 June 2025.pdf,published,,2026-10-05T21:49:32+00:00
2025-06-12,https://www.finance.gov.mv/public/attachments/fa1bSl4F8kYfOX8QHOdoQqFz3iz3yNetSCCWHJnb.pdf,Weekly Fiscal Developments - as at 12 June 2025.pdf,published,,2026-10-05T21:49:32+00:00
2025-06-19,https://www.finance.gov.mv/public/attachments/jrzdfImvDmQagVK0VfFEXNZyr3tjfsltaP2JLTIi.pdf,Weekly Fiscal Developments - as at 19 June 2025.pdf,published,,2026-10-05T21:49:32+00:00
2025-06-26,https://www.finance.gov.mv/public/attachments/O9ZeNUVcXhz9GcqcFaF9whsMl0eUvRlXG5X6vdIO.pdf,Weekly Fiscal Developments - as at 26 June 2025.pdf,published,,2026-10-05T21:49:32+00:00
2025-07-03,https://www.finance.gov.mv/public/attachments/PLpq5DfXAY8CI4CmUI2R86awhiQx3L1OgRKTjQCb.pdf,Weekly Fiscal Developments - as at 03 July 2025.pdf,published,,2026-10-05T21:49:32+00:00
2025-07-10,https://www.finance.gov.mv/public/attachments/cowzAeNdHRN9GrH8R1qFrPuyDMDASHVUlF5ERSYW.pdf,Weekly Fiscal Developments - as at 10 July 2025.pdf,published,,2026-10-05T21:49:32+00:00
2025-07-17,https://www.finance.gov.mv/public/attachments/A2mMDktfi0TZGG5nzG1Sj1QhvjvHgczDADYuQ5Zq.pdf,Weekly Fiscal Developments - as at 17 July 2025.pdf,published,,2026-10-05T21:49:32+00:00
2025-07-24,https://www.finance.gov.mv/public/attachments/nO3P9RA6pa4anttv0fmx71yC5RhvkQ9xQqQHkG9S.pdf,Weekly Fiscal Developments - as at 24 July 2025.pdf,published,,2026-10-05T21:49:32+00:00
2025-07-31,https://www.finance.gov.mv/public/attachments/hsZCxgoqnHB20PorinMxClL27gcYQyn6VQTwThlI.pdf,Weekly Fiscal Developments - as at 31 July 2025.pdf,published,,2026-10-05T21:49:32+00:00
2025-08-07,https://www.finance.gov.mv/public/attachments/YGTHmQSsmcp64jcvIsscAosyOYEnhXWZRygtIKjE.pdf,Weekly Fiscal Developments - as at 07 August 2025.pdf,published,,2026-10-05T21:49:32+00:00
2025-08-14,https://www.finance.gov.mv/public/attachments/mHdRPCyn9g88x2JbsuIv3hSyePJgWn2tK7uSPDjx.pdf,Weekly Fiscal Developments - as at 14 August 2025.pdf,published,,2026-10-05T21:49:32+00:00
2025-08-21,https://www.finance.gov.mv/public/attachments/yQciwaDhhwGb0u3eJEImsjCupH3rHBJuK7ceInM7.pdf,Weekly Fiscal Developments - as at 21 August 2025.pdf,published,,2026-10-05T21:49:32+00:00
2025-08-28,https://www.finance.gov.mv/public/attachments/tdBzRtXuo1MmJqdPfNlsORBmQDZ5YnjbXpKyUuY5.pdf,Weekly Fiscal Developments - as at 28 August 2025.pdf,published,,2026-10-05T21:49:32+00:00
2025-09-04,https://www.finance.gov.mv/public/attachments/ECZ52cewWGt9jss7ZgjnMSZICvddOvwhHCzssTRD.pdf,Weekly Fiscal Developments - as at 04 September 2025.pdf,published,,2026-10-05T21:49:32+00:00
2025-09-11,https://www.finance.gov.mv/public/attachments/IXZc2nh6zT9IddFWjRx7P1gC7JmcVZ9nKOX6BP36.pdf,Weekly Fiscal Developments - as at 11 September 2025.pdf,published,,2026-10-05T21:49:32+00:00
2025-09-18,https://www.finance.gov.mv/public/attachments/2mxJWSmDHyipy3IVmG0YCjMiF3dYSlNtTEl0gVH8.pdf,Weekly Fiscal Developments - as at 18 September 2025.pdf,published,,2026-10-05T21:49:32+00:00
2025-09-25,https://www.finance.gov.mv/public/attachments/syz945Tp4oLRY19L8zwondxHkAS9a6syYvNyu2t8.pdf,Weekly Fiscal Developments - as at 25 September 2025.pdf,published,,2026-10-05T21:49:32+00:00
2025-10-02,https://www.finance.gov.mv/public/attachments/iarBlcyeccbL6xyO2y5sf6wuvdI3QNCFoIOmqk9s.pdf,Weekly Fiscal Developments - as at 02 October 2025.pdf,published,,2026-10-05T21:49:32+00:00
2025-10-09,https://www.finance.gov.mv/public/attachments/IG6iDRfGQLDrnr4wXKcXz1TVWL5KA4pVU3Scd2MC.pdf,Weekly Fiscal Developments - as at 09 October 2025.pdf,published,,2026-10-05T21:49:32+00:00
2025-10-16,https://www.finance.gov.mv/public/attachments/2etkm4uQQEenVKGRfHWWjqDKFL4yH9WMAq6SbBsh.pdf,Weekly Fiscal Developments - as at 16 October 2025.pdf,published,,2026-10-05T21:49:32+00:00
2025-10-23,https://www.finance.gov.mv/public/attachments/70KpdhVx0dq270Au2WnwRVbdljlhLgSudduIV5My.pdf,Weekly Fiscal Developments - as at 23 October 2025.pdf,published,,2026-10-05T21:49:32+00:00
2025-10-30,https://www.finance.gov.mv/public/attachments/cYPnKDlZJF4RiPAVgm9lhTRzbtyoM9o0P7tM0grp.pdf,Weekly Fiscal Developments - as at 30 October 2025.pdf,published,,2026-10-05T21:49:32+00:00
2025-11-06,https://www.finance.gov.mv/public/attachments/AFocS9AF2DkVigWFRPNEfxlLb7lk2Z6jIxnI9y9w.pdf,Weekly Fiscal Developments - as at 06 November 2025.pdf,published,,2026-10-05T21:49:32+00:00
2025-11-13,https://www.finance.gov.mv/public/attachments/qxL4qej1VANpYTyTXOWBJ3cfLl8Egt1RGoZBQEFl.pdf,Weekly Fiscal Developments - as at 13 November 2025.pdf,published,,2026-10-05T21:49:32+00:00
2025-11-20,https://www.finance.gov.mv/public/attachments/USe6z8OtUGf5IDL5nstDEnbIePBKdtPZlOzbppQN.pdf,Weekly Fiscal Developments - as at 20 November 2025.pdf,published,,2026-10-05T21:49:32+00:00
2025-11-27,https://www.finance.gov.mv/public/attachments/VlnwysmkrDqHbpjNx5m0JyAz47A9M0K7SxgtoxR9.pdf,Weekly Fiscal Developments - as at 27 November 2025.pdf,published,,2026-10-05T21:49:32+00:00
2025-12-04,https://www.finance.gov.mv/public/attachments/zmtXmIjafahuhTqYzj1iggUHQEkVkCPohGe7rQMw.pdf,Weekly Fiscal Developments - as at 04 December 2025.pdf,published,,2026-10-05T21:49:32+00:00
2025-12-11,https://www.finance.gov.mv/public/attachments/0GQjcZfkSXrnqGipgf3XmaP3Wv6jseZhQEVHhuYY.pdf,Weekly Fiscal Developments - as at 11 December 2025.pdf,published,,2026-10-05T21:49:32+00:00
2025-12-18,https://www.finance.gov.mv/public/attachments/VZXWk8tKZ0RyvgCTJq95u4HMk5RdZLmuKwOtUJoG.pdf,Weekly Fiscal Developments - as at 18 December 2025.pdf,published,,2026-10-05T21:49:32+00:00
2025-12-25,https://www.finance.gov.mv/public/attachments/7mmTYlqCwzizlKIhCXFHdtRh3SCzdvrnxLtcK93D.pdf,Weekly Fiscal Developments - as at 25 December 2025.pdf,published,,2026-10-05T21:49:32+00:00
2025-12-31,https://www.finance.gov.mv/public/attachments/3Wvep7RRasFb2pnggi7yxM8hubsoXx1MK7moQATv.pdf,Weekly Fiscal Developments - as at 31 December 2025.pdf,published,,2026-10-05T21:49:32+00:00
2026-01-08,https://www.finance.gov.mv/public/attachments/yRqgXH3TXk1L1PPVZcYNS02mT4DG6M2pEzDxqZC5.pdf,Weekly Fiscal Developments - as at 08 January 2026.pdf,published,,2026-10-05T21:49:32+00:00
2026-01-15,https://www.finance.gov.mv/public/attachments/AWo4s6taQ8vwJUho2ktA3NrKAsIrvbR0Bus4bg9Z.pdf,Weekly Fiscal Developments - as at 15 January 2026.pdf,published,,2026-10-05T21:49:32+00:00
2026-01-22,https://www.finance.gov.mv/public/attachments/pU8mIS9gbfawYOEZGPDmMybgD7DqMSg3OTKOSPmm.pdf,Weekly Fiscal Developments - as at 22 January 2026.pdf,published,,2026-10-05T21:49:32+00:00
2026-01-29,https://www.finance.gov.mv/public/attachments/k4YOp0EydK3ETsIBH58eBiI49bk2zBiSJ3lyrEI5.pdf,Weekly Fiscal Developments - as at 29 January 2026.pdf,published,,2026-10-05T21:49:32+00:00
2026-02-05,https://www.finance.gov.mv/public/attachments/Z3TPGn5ZKpxb24NTkRhXIsB4iNf5fEg0DM3kiijC.pdf,Weekly Fiscal Developments - as at 05 February 2026.pdf,published,,2026-10-05T21:49:32+00:00
2026-02-12,https://www.finance.gov.mv/public/attachments/m2qAlbDZHtLpXX2c2Ga16tdKXPZG4y72zGmE6nvk.pdf,Weekly Fiscal Developments - as at 12 February 2026.pdf,published,,2026-10-05T21:49:32+00:00
2026-02-19,https://www.finance.gov.mv/public/attachments/PnKBpvo4Dczp8U7pCrc5PMp6HdyC6fbKjs3lJquP.pdf,Weekly Fiscal Developments - as at 19 February 2026.pdf,published,,2026-10-05T21:49:32+00:00
2026-02-26,https://www.finance.gov.mv/public/attachments/G0Dwchk89Vtdhc5gI03nkwk465pXu0vEin0yVwhy.pdf,Weekly Fiscal Developments - as at 26 February 2026.pdf,published,,2026-10-05T21:49:32+00:00
2026-03-05,https://www.finance.gov.mv/public/attachments/0chck12PIBrfca8FrEaXHLa0CdVS4mn46N8U3M1K.pdf,Weekly Fiscal Developments - as at 05 March 2026.pdf,published,,2026-10-05T21:49:32+00:00
2026-03-12,https://www.finance.gov.mv/public/attachments/lxOYovKDkc4tTYZu2fdjvqpzV1n2VbSVc86hjShc.pdf,Weekly Fiscal Developments - as at 12 March 2026.pdf,published,,2026-10-05T21:49:32+00:00
2026-03-19,https://www.finance.gov.mv/public/attachments/BOVNuHBsOxGhPXMXNhR9cJgftHDdxN4vm88vMSg5.pdf,Weekly Fiscal Developments - as at 19 March 2026.pdf,published,,2026-10-05T21:49:32+00:00
2026-03-26,https://www.finance.gov.mv/public/attachments/zwGm639cLKPGAcrKXwQqRrIpCXHRbM4izxsF04x0.pdf,Weekly Fiscal Developments - as at 26 March 2026.pdf,published,,2026-10-05T21:49:32+00:00
2026-04-02,https://www.finance.gov.mv/public/attachments/7LlOgczpAwfYji5kJm5K4TGTP8keGS9BhlFFqZNo.pdf,Weekly Fiscal Developments - as at 02 April 2026.pdf,published,,2026-10-05T21:49:32+00:00
2026-04-09,https://www.finance.gov.mv/public/attachments/H1hYmReER9QJNdrRO3mHzgwkkABlFAT2ynLO8VcA.pdf,Weekly Fiscal Developments - as at 09 April 2026.pdf,published,,2026-10-05T21:49:32+00:00
2026-04-16,https://www.finance.gov.mv/public/attachments/RwISHi6DJMPnJB4gcTGkLZ9oAHVqh20EuB8WBjpC.pdf,Weekly Fiscal Developments - as at 16 April 2026.pdf,published,,2026-10-05T21:49:32+00:00
2026-04-23,https://www.finance.gov.mv/public/attachments/kVvYRr4lPRPx1PxT5AkfElcQaosswntkMf5L20Zz.pdf,Weekly Fiscal Developments - as at 23 April 2026.pdf,published,,2026-10-05T21:49:32+00:00
2026-04-30,https://www.finance.gov.mv/public/attachments/gqSYI8PfeWYtYGNNFv52bfIPtEJEddjjOFNI8mWJ.pdf,Weekly Fiscal Developments - as at 30 April 2026.pdf,published,,2026-10-05T21:49:32+00:00
2026-05-07,https://www.finance.gov.mv/public/attachments/ncJd7GZ6kUSLTApzyR1fwNviCvfzGWx3o8l0yXqg.pdf,Weekly Fiscal Developments - as at 07 May 2026.pdf,published,,2026-10-05T21:49:32+00:00
2026-05-14,https://www.finance.gov.mv/public/attachments/3NHcm9xyX7JBTOISPhCglo7g1bhuh9UJMJjO3gZd.pdf,Weekly Fiscal Developments - as at 14 May 2026.pdf,published,,2026-10-05T21:49:32+00:00
2026-05-21,https://www.finance.gov.mv/public/attachments/qEIoMGegvLo3aX1GGbEofDiXCRE3UwLzdgzDb5af.pdf,Weekly Fiscal Developments - as at 21 May 2026.pdf,published,,2026-10-05T21:49:32+00:00
2026-05-28,https://www.finance.gov.mv/public/attachments/2ByxWT4mxkTBo9mAxAZDruMkPQ4krJF7iCdKosLc.pdf,Weekly Fiscal Developments - as at 28 May 2026.pdf,published,,2026-10-05T21:49:32+00:00
2026-06-04,https://www.finance.gov.mv/public/attachments/Tryy1BMrsBmsIekZxGDpyC2sTxNTNKvREbAzNBPL.pdf,Weekly Fiscal Developments - as at 04 June 2026.pdf,published,,2026-10-05T21:49:32+00:00
2026-06-11,https://www.finance.gov.mv/public/attachments/OQTp2phMS95AUxJaV85amoua0xS8ibKp9pnRat5J.pdf,Weekly Fiscal Developments - as at 11 June 2026.pdf,published,,2026-10-05T21:49:32+00:00
2026-06-18,https://www.finance.gov.mv/public/attachments/btmgKJ5BqHVTPN2RaUj5V7nxgw3NxlcF4Ep27Q0r.pdf,Weekly Fiscal Developments - as at 18 June 2026.pdf,published,,2026-10-05T21:49:32+00:00
2026-06-25,https://www.finance.gov.mv/public/attachments/d8pYg0lHndY1200mXAF5MOCG3AVljfQhStaGoAVd.pdf,Weekly Fiscal Developments - as at 25 June 2026.pdf,published,,2026-10-05T21:49:32+00:00
2026-07-02,https://www.finance.gov.mv/public/attachments/c9yzgB0tuulqrrMzUqsDsrfoPdQqHI1DeFcfU5FW.pdf,Weekly Fiscal Developments - as at 02 July 2026.pdf,published,,2026-10-05T21:49:32+00:00
2026-07-09,https://www.finance.gov.mv/public/attachments/Sm0fCHZOjxrnHvbAoUJX9hfnLo7MmYELsJi3eMKM.pdf,Weekly Fiscal Developments - as at 09 July 2026.pdf,published,,2026-10-05T21:49:32+00:00
2026-07-16,https://www.finance.gov.mv/public/attachments/wFnlB4kbKiM5JNwOVNBpj5zBaKwEwVPEwXeDrt4K.pdf,Weekly Fiscal Developments - as at 16 July 2026.pdf,published,,2026-10-05T21:49:32+00:00
2026-07-23,https://www.finance.gov.mv/public/attachments/xkHaWU4LcH4T4U8v423BmosUMu9fmGlgua29exf9.pdf,Weekly Fiscal Developments - as at 23 July 2026.pdf,published,,2026-10-05T21:49:32+00:00
2026-07-30,https://www.finance.gov.mv/public/attachments/yCXRMfB2S2iaHXMLbK6h3orgk7xDbJXqdzghE81D.pdf,Weekly Fiscal Developments - as at 30 July 2026.pdf,published,,2026-10-05T21:49:32+00:00
2026-08-06,https://www.finance.gov.mv/public/attachments/ULDLRbogYYNCDS0RHUppsTPnyFlTgOzW8IkNSkEw.pdf,Weekly Fiscal Developments - as at 06 August 2026.pdf,published,,2026-10-05T21:49:32+00:00
2026-08-13,https://www.finance.gov.mv/public/attachments/KAxFOFgBclNVdT4OKoLzLtgQg6yxq7YjK8D9odpk.pdf,Weekly Fiscal Developments - as at 13 August 2026.pdf,published,,2026-10-05T21:49:32+00:00
2026-08-20,https://www.finance.gov.mv/public/attachments/LBHbdGDLepDiopl6mCOq8i9xQNVdATTwAoGkdKn3.pdf,Weekly Fiscal Developments - as at 20 August 2026.pdf,published,,2026-10-05T21:49:32+00:00
2026-08-27,https://www.finance.gov.mv/public/attachments/2INsL8I2mEzXzt4UvEdi0diVltf4LMmoRPUjbbxs.pdf,Weekly Fiscal Developments - as at 27 August 2026.pdf,published,,2026-10-05T21:49:32+00:00
2026-09-03,https://www.finance.gov.mv/public/attachments/aMptPd9BGusMpyVSXjC2Plm4JnSMK37KyMIG5ZKm.pdf,Weekly Fiscal Developments - as at 03 September 2026.pdf,published,,2026-10-05T21:49:32+00:00
2026-09-10,https://www.finance.gov.mv/public/attachments/LUB5rgs8qpICHfKteEaXQEDsbeEYgf5R4qDRgPY8.pdf,Weekly Fiscal Developments - as at 10th September 2026.pdf,published,,2026-10-05T21:49:32+00:00
2026-09-17,https://www.finance.gov.mv/public/attachments/mNU4qI9qWfS9QfmTxmskkUfoE06CoOsqNMKNkh5K.pdf,Weekly Fiscal Developments - as at 17th September 2026.pdf,published,,2026-10-05T21:49:32+00:00
2026-09-24,https://www.finance.gov.mv/public/attachments/MWovmuaHDZ5hP4T2x0mgXak3RO2f03wwIu4RFgSs.pdf,Weekly Fiscal Developments - as at 24th September 2026,published,,2026-10-05T21:49:32+00:00
