year,month,cases,source
2016,1,1467,"Statistical Yearbook of Maldives, table 8.5 (Maldives Police Service), all logged cases including other types"
2016,2,1420,"Statistical Yearbook of Maldives, table 8.5 (Maldives Police Service), all logged cases including other types"
2016,3,1598,"Statistical Yearbook of Maldives, table 8.5 (Maldives Police Service), all logged cases including other types"
2016,4,1251,"Statistical Yearbook of Maldives, table 8.5 (Maldives Police Service), all logged cases including other types"
2016,5,1539,"Statistical Yearbook of Maldives, table 8.5 (Maldives Police Service), all logged cases including other types"
2016,6,1334,"Statistical Yearbook of Maldives, table 8.5 (Maldives Police Service), all logged cases including other types"
2016,7,1301,"Statistical Yearbook of Maldives, table 8.5 (Maldives Police Service), all logged cases including other types"
2016,8,1267,"Statistical Yearbook of Maldives, table 8.5 (Maldives Police Service), all logged cases including other types"
2016,9,1189,"Statistical Yearbook of Maldives, table 8.5 (Maldives Police Service), all logged cases including other types"
2016,10,1252,"Statistical Yearbook of Maldives, table 8.5 (Maldives Police Service), all logged cases including other types"
2016,11,1300,"Statistical Yearbook of Maldives, table 8.5 (Maldives Police Service), all logged cases including other types"
2016,12,1369,"Statistical Yearbook of Maldives, table 8.5 (Maldives Police Service), all logged cases including other types"
2017,1,1362,"Statistical Yearbook of Maldives, table 8.5 (Maldives Police Service), all logged cases including other types"
2017,2,1112,"Statistical Yearbook of Maldives, table 8.5 (Maldives Police Service), all logged cases including other types"
2017,3,1278,"Statistical Yearbook of Maldives, table 8.5 (Maldives Police Service), all logged cases including other types"
2017,4,1406,"Statistical Yearbook of Maldives, table 8.5 (Maldives Police Service), all logged cases including other types"
2017,5,1270,"Statistical Yearbook of Maldives, table 8.5 (Maldives Police Service), all logged cases including other types"
2017,6,1216,"Statistical Yearbook of Maldives, table 8.5 (Maldives Police Service), all logged cases including other types"
2017,7,1309,"Statistical Yearbook of Maldives, table 8.5 (Maldives Police Service), all logged cases including other types"
2017,8,1308,"Statistical Yearbook of Maldives, table 8.5 (Maldives Police Service), all logged cases including other types"
2017,9,1223,"Statistical Yearbook of Maldives, table 8.5 (Maldives Police Service), all logged cases including other types"
2017,10,1482,"Statistical Yearbook of Maldives, table 8.5 (Maldives Police Service), all logged cases including other types"
2017,11,1296,"Statistical Yearbook of Maldives, table 8.5 (Maldives Police Service), all logged cases including other types"
2017,12,1273,"Statistical Yearbook of Maldives, table 8.5 (Maldives Police Service), all logged cases including other types"
2018,1,1427,"Statistical Yearbook of Maldives, table 8.5 (Maldives Police Service), all logged cases including other types"
2018,2,1100,"Statistical Yearbook of Maldives, table 8.5 (Maldives Police Service), all logged cases including other types"
2018,3,1374,"Statistical Yearbook of Maldives, table 8.5 (Maldives Police Service), all logged cases including other types"
2018,4,1278,"Statistical Yearbook of Maldives, table 8.5 (Maldives Police Service), all logged cases including other types"
2018,5,1156,"Statistical Yearbook of Maldives, table 8.5 (Maldives Police Service), all logged cases including other types"
2018,6,1175,"Statistical Yearbook of Maldives, table 8.5 (Maldives Police Service), all logged cases including other types"
2018,7,1165,"Statistical Yearbook of Maldives, table 8.5 (Maldives Police Service), all logged cases including other types"
2018,8,1296,"Statistical Yearbook of Maldives, table 8.5 (Maldives Police Service), all logged cases including other types"
2018,9,1278,"Statistical Yearbook of Maldives, table 8.5 (Maldives Police Service), all logged cases including other types"
2018,10,1300,"Statistical Yearbook of Maldives, table 8.5 (Maldives Police Service), all logged cases including other types"
2018,11,1096,"Statistical Yearbook of Maldives, table 8.5 (Maldives Police Service), all logged cases including other types"
2018,12,1166,"Statistical Yearbook of Maldives, table 8.5 (Maldives Police Service), all logged cases including other types"
2019,1,1313,"Statistical Yearbook of Maldives, table 8.5 (Maldives Police Service), all logged cases including other types"
2019,2,1282,"Statistical Yearbook of Maldives, table 8.5 (Maldives Police Service), all logged cases including other types"
2019,3,1298,"Statistical Yearbook of Maldives, table 8.5 (Maldives Police Service), all logged cases including other types"
2019,4,1411,"Statistical Yearbook of Maldives, table 8.5 (Maldives Police Service), all logged cases including other types"
2019,5,1393,"Statistical Yearbook of Maldives, table 8.5 (Maldives Police Service), all logged cases including other types"
2019,6,1450,"Statistical Yearbook of Maldives, table 8.5 (Maldives Police Service), all logged cases including other types"
2019,7,1432,"Statistical Yearbook of Maldives, table 8.5 (Maldives Police Service), all logged cases including other types"
2019,8,1300,"Statistical Yearbook of Maldives, table 8.5 (Maldives Police Service), all logged cases including other types"
2019,9,1409,"Statistical Yearbook of Maldives, table 8.5 (Maldives Police Service), all logged cases including other types"
2019,10,1505,"Statistical Yearbook of Maldives, table 8.5 (Maldives Police Service), all logged cases including other types"
2019,11,1244,"Statistical Yearbook of Maldives, table 8.5 (Maldives Police Service), all logged cases including other types"
2019,12,1443,"Statistical Yearbook of Maldives, table 8.5 (Maldives Police Service), all logged cases including other types"
2020,1,1403,"Statistical Yearbook of Maldives, table 8.5 (Maldives Police Service), all logged cases including other types"
2020,2,1210,"Statistical Yearbook of Maldives, table 8.5 (Maldives Police Service), all logged cases including other types"
2020,3,1294,"Statistical Yearbook of Maldives, table 8.5 (Maldives Police Service), all logged cases including other types"
2020,4,748,"Statistical Yearbook of Maldives, table 8.5 (Maldives Police Service), all logged cases including other types"
2020,5,680,"Statistical Yearbook of Maldives, table 8.5 (Maldives Police Service), all logged cases including other types"
2020,6,780,"Statistical Yearbook of Maldives, table 8.5 (Maldives Police Service), all logged cases including other types"
2020,7,990,"Statistical Yearbook of Maldives, table 8.5 (Maldives Police Service), all logged cases including other types"
2020,8,1109,"Statistical Yearbook of Maldives, table 8.5 (Maldives Police Service), all logged cases including other types"
2020,9,1174,"Statistical Yearbook of Maldives, table 8.5 (Maldives Police Service), all logged cases including other types"
2020,10,1107,"Statistical Yearbook of Maldives, table 8.5 (Maldives Police Service), all logged cases including other types"
2020,11,1116,"Statistical Yearbook of Maldives, table 8.5 (Maldives Police Service), all logged cases including other types"
2020,12,1176,"Statistical Yearbook of Maldives, table 8.5 (Maldives Police Service), all logged cases including other types"
2021,1,1387,"Statistical Yearbook of Maldives, table 8.5 (Maldives Police Service), all logged cases including other types"
2021,2,1100,"Statistical Yearbook of Maldives, table 8.5 (Maldives Police Service), all logged cases including other types"
2021,3,1261,"Statistical Yearbook of Maldives, table 8.5 (Maldives Police Service), all logged cases including other types"
2021,4,1173,"Statistical Yearbook of Maldives, table 8.5 (Maldives Police Service), all logged cases including other types"
2021,5,1085,"Statistical Yearbook of Maldives, table 8.5 (Maldives Police Service), all logged cases including other types"
2021,6,1077,"Statistical Yearbook of Maldives, table 8.5 (Maldives Police Service), all logged cases including other types"
2021,7,1044,"Statistical Yearbook of Maldives, table 8.5 (Maldives Police Service), all logged cases including other types"
2021,8,1205,"Statistical Yearbook of Maldives, table 8.5 (Maldives Police Service), all logged cases including other types"
2021,9,1206,"Statistical Yearbook of Maldives, table 8.5 (Maldives Police Service), all logged cases including other types"
2021,10,1189,"Statistical Yearbook of Maldives, table 8.5 (Maldives Police Service), all logged cases including other types"
2021,11,1161,"Statistical Yearbook of Maldives, table 8.5 (Maldives Police Service), all logged cases including other types"
2021,12,1255,"Statistical Yearbook of Maldives, table 8.5 (Maldives Police Service), all logged cases including other types"
2022,1,1174,"Statistical Yearbook of Maldives, table 8.5 (Maldives Police Service), all logged cases including other types"
2022,2,1022,"Statistical Yearbook of Maldives, table 8.5 (Maldives Police Service), all logged cases including other types"
2022,3,1126,"Statistical Yearbook of Maldives, table 8.5 (Maldives Police Service), all logged cases including other types"
2022,4,1088,"Statistical Yearbook of Maldives, table 8.5 (Maldives Police Service), all logged cases including other types"
2022,5,1277,"Statistical Yearbook of Maldives, table 8.5 (Maldives Police Service), all logged cases including other types"
2022,6,1206,"Statistical Yearbook of Maldives, table 8.5 (Maldives Police Service), all logged cases including other types"
2022,7,1077,"Statistical Yearbook of Maldives, table 8.5 (Maldives Police Service), all logged cases including other types"
2022,8,1351,"Statistical Yearbook of Maldives, table 8.5 (Maldives Police Service), all logged cases including other types"
2022,9,1060,"Statistical Yearbook of Maldives, table 8.5 (Maldives Police Service), all logged cases including other types"
2022,10,1050,"Statistical Yearbook of Maldives, table 8.5 (Maldives Police Service), all logged cases including other types"
2022,11,1076,"Statistical Yearbook of Maldives, table 8.5 (Maldives Police Service), all logged cases including other types"
2022,12,1036,"Statistical Yearbook of Maldives, table 8.5 (Maldives Police Service), all logged cases including other types"
2023,1,1153,"Statistical Yearbook of Maldives, table 8.5 (Maldives Police Service), all logged cases including other types"
2023,2,1226,"Statistical Yearbook of Maldives, table 8.5 (Maldives Police Service), all logged cases including other types"
2023,3,1129,"Statistical Yearbook of Maldives, table 8.5 (Maldives Police Service), all logged cases including other types"
2023,4,1114,"Statistical Yearbook of Maldives, table 8.5 (Maldives Police Service), all logged cases including other types"
2023,5,1158,"Statistical Yearbook of Maldives, table 8.5 (Maldives Police Service), all logged cases including other types"
2023,6,1051,"Statistical Yearbook of Maldives, table 8.5 (Maldives Police Service), all logged cases including other types"
2023,7,1163,"Statistical Yearbook of Maldives, table 8.5 (Maldives Police Service), all logged cases including other types"
2023,8,1359,"Statistical Yearbook of Maldives, table 8.5 (Maldives Police Service), all logged cases including other types"
2023,9,1335,"Statistical Yearbook of Maldives, table 8.5 (Maldives Police Service), all logged cases including other types"
2023,10,1476,"Statistical Yearbook of Maldives, table 8.5 (Maldives Police Service), all logged cases including other types"
2023,11,1480,"Statistical Yearbook of Maldives, table 8.5 (Maldives Police Service), all logged cases including other types"
2023,12,1371,"Statistical Yearbook of Maldives, table 8.5 (Maldives Police Service), all logged cases including other types"
2024,1,1468,"Statistical Yearbook of Maldives, table 8.5 (Maldives Police Service), all logged cases including other types"
2024,2,1335,"Statistical Yearbook of Maldives, table 8.5 (Maldives Police Service), all logged cases including other types"
2024,3,1457,"Statistical Yearbook of Maldives, table 8.5 (Maldives Police Service), all logged cases including other types"
2024,4,1247,"Statistical Yearbook of Maldives, table 8.5 (Maldives Police Service), all logged cases including other types"
2024,5,1386,"Statistical Yearbook of Maldives, table 8.5 (Maldives Police Service), all logged cases including other types"
2024,6,1362,"Statistical Yearbook of Maldives, table 8.5 (Maldives Police Service), all logged cases including other types"
2024,7,1370,"Statistical Yearbook of Maldives, table 8.5 (Maldives Police Service), all logged cases including other types"
2024,8,1397,"Statistical Yearbook of Maldives, table 8.5 (Maldives Police Service), all logged cases including other types"
2024,9,1231,"Statistical Yearbook of Maldives, table 8.5 (Maldives Police Service), all logged cases including other types"
2024,10,1383,"Statistical Yearbook of Maldives, table 8.5 (Maldives Police Service), all logged cases including other types"
2024,11,1277,"Statistical Yearbook of Maldives, table 8.5 (Maldives Police Service), all logged cases including other types"
2024,12,1408,"Statistical Yearbook of Maldives, table 8.5 (Maldives Police Service), all logged cases including other types"
