year,category,cases,source
2019,Assault,631,"Statistical Yearbook of Maldives, table 8.2 (Maldives Police Service)"
2019,Counterfeit and forgery,86,"Statistical Yearbook of Maldives, table 8.2 (Maldives Police Service)"
2019,Domestic violence,219,"Statistical Yearbook of Maldives, table 8.2 (Maldives Police Service)"
2019,Drugs,2188,"Statistical Yearbook of Maldives, table 8.2 (Maldives Police Service)"
2019,Embezzlement,494,"Statistical Yearbook of Maldives, table 8.2 (Maldives Police Service)"
2019,Lost items,1814,"Statistical Yearbook of Maldives, table 8.2 (Maldives Police Service)"
2019,Others,2815,"Statistical Yearbook of Maldives, table 8.2 (Maldives Police Service)"
2019,Robbery,483,"Statistical Yearbook of Maldives, table 8.2 (Maldives Police Service)"
2019,Sexual Offences,405,"Statistical Yearbook of Maldives, table 8.2 (Maldives Police Service)"
2019,Theft,4554,"Statistical Yearbook of Maldives, table 8.2 (Maldives Police Service)"
2019,Traffic Accidents,2324,"Statistical Yearbook of Maldives, table 8.2 (Maldives Police Service)"
2019,Vandalism,467,"Statistical Yearbook of Maldives, table 8.2 (Maldives Police Service)"
2020,Assault,661,"Statistical Yearbook of Maldives, table 8.2 (Maldives Police Service)"
2020,Counterfeit and forgery,108,"Statistical Yearbook of Maldives, table 8.2 (Maldives Police Service)"
2020,Domestic violence,245,"Statistical Yearbook of Maldives, table 8.2 (Maldives Police Service)"
2020,Drugs,1425,"Statistical Yearbook of Maldives, table 8.2 (Maldives Police Service)"
2020,Embezzlement,609,"Statistical Yearbook of Maldives, table 8.2 (Maldives Police Service)"
2020,Lost items,744,"Statistical Yearbook of Maldives, table 8.2 (Maldives Police Service)"
2020,Others,2791,"Statistical Yearbook of Maldives, table 8.2 (Maldives Police Service)"
2020,Robbery,348,"Statistical Yearbook of Maldives, table 8.2 (Maldives Police Service)"
2020,Sexual Offences,490,"Statistical Yearbook of Maldives, table 8.2 (Maldives Police Service)"
2020,Theft,3581,"Statistical Yearbook of Maldives, table 8.2 (Maldives Police Service)"
2020,Traffic Accidents,1390,"Statistical Yearbook of Maldives, table 8.2 (Maldives Police Service)"
2020,Vandalism,395,"Statistical Yearbook of Maldives, table 8.2 (Maldives Police Service)"
2021,Assault,610,"Statistical Yearbook of Maldives, table 8.2 (Maldives Police Service)"
2021,Counterfeit and forgery,150,"Statistical Yearbook of Maldives, table 8.2 (Maldives Police Service)"
2021,Domestic violence,267,"Statistical Yearbook of Maldives, table 8.2 (Maldives Police Service)"
2021,Drugs,1440,"Statistical Yearbook of Maldives, table 8.2 (Maldives Police Service)"
2021,Embezzlement,987,"Statistical Yearbook of Maldives, table 8.2 (Maldives Police Service)"
2021,Lost items,974,"Statistical Yearbook of Maldives, table 8.2 (Maldives Police Service)"
2021,Others,2278,"Statistical Yearbook of Maldives, table 8.2 (Maldives Police Service)"
2021,Robbery,377,"Statistical Yearbook of Maldives, table 8.2 (Maldives Police Service)"
2021,Sexual Offences,342,"Statistical Yearbook of Maldives, table 8.2 (Maldives Police Service)"
2021,Theft,4662,"Statistical Yearbook of Maldives, table 8.2 (Maldives Police Service)"
2021,Traffic Accidents,1553,"Statistical Yearbook of Maldives, table 8.2 (Maldives Police Service)"
2021,Vandalism,503,"Statistical Yearbook of Maldives, table 8.2 (Maldives Police Service)"
2022,Assault,521,"Statistical Yearbook of Maldives, table 8.2 (Maldives Police Service)"
2022,Counterfeit and forgery,116,"Statistical Yearbook of Maldives, table 8.2 (Maldives Police Service)"
2022,Domestic violence,228,"Statistical Yearbook of Maldives, table 8.2 (Maldives Police Service)"
2022,Drugs,1429,"Statistical Yearbook of Maldives, table 8.2 (Maldives Police Service)"
2022,Embezzlement,914,"Statistical Yearbook of Maldives, table 8.2 (Maldives Police Service)"
2022,Lost items,1412,"Statistical Yearbook of Maldives, table 8.2 (Maldives Police Service)"
2022,Others,2135,"Statistical Yearbook of Maldives, table 8.2 (Maldives Police Service)"
2022,Robbery,372,"Statistical Yearbook of Maldives, table 8.2 (Maldives Police Service)"
2022,Sexual Offences,334,"Statistical Yearbook of Maldives, table 8.2 (Maldives Police Service)"
2022,Theft,3982,"Statistical Yearbook of Maldives, table 8.2 (Maldives Police Service)"
2022,Traffic Accidents,1618,"Statistical Yearbook of Maldives, table 8.2 (Maldives Police Service)"
2022,Vandalism,482,"Statistical Yearbook of Maldives, table 8.2 (Maldives Police Service)"
2023,Assault,655,"Statistical Yearbook of Maldives, table 8.2 (Maldives Police Service)"
2023,Counterfeit and forgery,128,"Statistical Yearbook of Maldives, table 8.2 (Maldives Police Service)"
2023,Domestic violence,247,"Statistical Yearbook of Maldives, table 8.2 (Maldives Police Service)"
2023,Drugs,1732,"Statistical Yearbook of Maldives, table 8.2 (Maldives Police Service)"
2023,Embezzlement,753,"Statistical Yearbook of Maldives, table 8.2 (Maldives Police Service)"
2023,Lost items,1482,"Statistical Yearbook of Maldives, table 8.2 (Maldives Police Service)"
2023,Others,2516,"Statistical Yearbook of Maldives, table 8.2 (Maldives Police Service)"
2023,Robbery,478,"Statistical Yearbook of Maldives, table 8.2 (Maldives Police Service)"
2023,Sexual Offences,289,"Statistical Yearbook of Maldives, table 8.2 (Maldives Police Service)"
2023,Theft,3825,"Statistical Yearbook of Maldives, table 8.2 (Maldives Police Service)"
2023,Traffic Accidents,2298,"Statistical Yearbook of Maldives, table 8.2 (Maldives Police Service)"
2023,Vandalism,612,"Statistical Yearbook of Maldives, table 8.2 (Maldives Police Service)"
2024,Assault,710,"Statistical Yearbook of Maldives, table 8.2 (Maldives Police Service)"
2024,Counterfeit and forgery,166,"Statistical Yearbook of Maldives, table 8.2 (Maldives Police Service)"
2024,Domestic violence,284,"Statistical Yearbook of Maldives, table 8.2 (Maldives Police Service)"
2024,Drugs,1687,"Statistical Yearbook of Maldives, table 8.2 (Maldives Police Service)"
2024,Embezzlement,668,"Statistical Yearbook of Maldives, table 8.2 (Maldives Police Service)"
2024,Lost items,1028,"Statistical Yearbook of Maldives, table 8.2 (Maldives Police Service)"
2024,Others,3629,"Statistical Yearbook of Maldives, table 8.2 (Maldives Police Service)"
2024,Robbery,508,"Statistical Yearbook of Maldives, table 8.2 (Maldives Police Service)"
2024,Sexual Offences,320,"Statistical Yearbook of Maldives, table 8.2 (Maldives Police Service)"
2024,Theft,3767,"Statistical Yearbook of Maldives, table 8.2 (Maldives Police Service)"
2024,Traffic Accidents,2882,"Statistical Yearbook of Maldives, table 8.2 (Maldives Police Service)"
2024,Vandalism,672,"Statistical Yearbook of Maldives, table 8.2 (Maldives Police Service)"
